step,loss,alignment_loss,regularization_loss,alpha_min,alpha_mean,alpha_max,alpha_std,learning_rate,step_wall_s,alpha_layer_00,alpha_layer_01,alpha_layer_02,alpha_layer_03,alpha_layer_04,alpha_layer_05,alpha_layer_06,alpha_layer_07,alpha_layer_08,alpha_layer_09,alpha_layer_10,alpha_layer_11,alpha_layer_12,alpha_layer_13,alpha_layer_14,alpha_layer_15,alpha_layer_16,alpha_layer_17,alpha_layer_18,alpha_layer_19,alpha_layer_20,alpha_layer_21,alpha_layer_22,alpha_layer_23,alpha_layer_24,alpha_layer_25,alpha_layer_26,alpha_layer_27,alpha_layer_28,alpha_layer_29
1,30.0,0.0,30.0,0.9995999932289124,0.9995999932289124,0.9995999932289124,0.0,0.0004,45.719700459972955,0.9995999932289124,0.9995999932289124,0.9995999932289124,0.9995999932289124,0.9995999932289124,0.9995999932289124,0.9995999932289124,0.9995999932289124,0.9995999932289124,0.9995999932289124,0.9995999932289124,0.9995999932289124,0.9995999932289124,0.9995999932289124,0.9995999932289124,0.9995999932289124,0.9995999932289124,0.9995999932289124,0.9995999932289124,0.9995999932289124,0.9995999932289124,0.9995999932289124,0.9995999932289124,0.9995999932289124,0.9995999932289124,0.9995999932289124,0.9995999932289124,0.9995999932289124,0.9995999932289124,0.9995999932289124
2,29.987998962402344,0.0,29.987998962402344,0.9987999796867371,0.9987999796867371,0.9987999796867371,0.0,0.0008,35.638069043983705,0.9987999796867371,0.9987999796867371,0.9987999796867371,0.9987999796867371,0.9987999796867371,0.9987999796867371,0.9987999796867371,0.9987999796867371,0.9987999796867371,0.9987999796867371,0.9987999796867371,0.9987999796867371,0.9987999796867371,0.9987999796867371,0.9987999796867371,0.9987999796867371,0.9987999796867371,0.9987999796867371,0.9987999796867371,0.9987999796867371,0.9987999796867371,0.9987999796867371,0.9987999796867371,0.9987999796867371,0.9987999796867371,0.9987999796867371,0.9987999796867371,0.9987999796867371,0.9987999796867371,0.9987999796867371
3,29.964000701904297,0.0,29.964000701904297,0.9975999593734741,0.9975999593734741,0.9975999593734741,0.0,0.0012,35.651619849028066,0.9975999593734741,0.9975999593734741,0.9975999593734741,0.9975999593734741,0.9975999593734741,0.9975999593734741,0.9975999593734741,0.9975999593734741,0.9975999593734741,0.9975999593734741,0.9975999593734741,0.9975999593734741,0.9975999593734741,0.9975999593734741,0.9975999593734741,0.9975999593734741,0.9975999593734741,0.9975999593734741,0.9975999593734741,0.9975999593734741,0.9975999593734741,0.9975999593734741,0.9975999593734741,0.9975999593734741,0.9975999593734741,0.9975999593734741,0.9975999593734741,0.9975999593734741,0.9975999593734741,0.9975999593734741
4,30.356263905763626,0.428266316652298,29.927997589111328,0.9959981441497803,0.996039851506551,0.9966472387313843,0.00012523684419258216,0.0016,35.74835313600488,0.9960007071495056,0.9960477948188782,0.9962167143821716,0.9959981441497803,0.9962205290794373,0.9966472387313843,0.995998740196228,0.9960071444511414,0.9959990978240967,0.9960317015647888,0.9960139393806458,0.995998203754425,0.9959981441497803,0.9960086941719055,0.9959993362426758,0.9959982633590698,0.9960001111030579,0.996001660823822,0.9960020184516907,0.9959999918937683,0.9960018396377563,0.9960024356842041,0.996001660823822,0.9960015416145325,0.9960020184516907,0.9959996938705444,0.9960005283355713,0.9959999322891235,0.9959981441497803,0.9959995746612549
5,30.27650918563207,0.3953141172726949,29.881195068359375,0.9939974546432495,0.9941069145997365,0.9953312277793884,0.00027491817118816464,0.002,35.738120598951355,0.9940205216407776,0.9941181540489197,0.9947310090065002,0.9942610263824463,0.9944583773612976,0.9953312277793884,0.9940406084060669,0.9940304160118103,0.994003415107727,0.9940804839134216,0.9940330982208252,0.9940133690834045,0.9940029978752136,0.9940176606178284,0.9940043091773987,0.994008481502533,0.9940063953399658,0.9940060973167419,0.9940139055252075,0.9940038919448853,0.9940035343170166,0.9940044283866882,0.994006335735321,0.9940043091773987,0.9940043687820435,0.9939998984336853,0.9940013289451599,0.9940006136894226,0.9939974546432495,0.993999719619751
6,30.323911716540653,0.500705768664678,29.823205947875977,0.9915955066680908,0.9918176313241323,0.9941888451576233,0.000529168263768148,0.0024,35.771985500934534,0.9916471838951111,0.9917871356010437,0.9929735660552979,0.9924225807189941,0.9922720789909363,0.9941888451576233,0.9916752576828003,0.9917186498641968,0.9916552305221558,0.9917441010475159,0.9917067289352417,0.9916635155677795,0.9916175007820129,0.9916445016860962,0.9916099905967712,0.9916397929191589,0.9916228652000427,0.9916141629219055,0.9916486740112305,0.9916138648986816,0.9916045665740967,0.9916136264801025,0.9916202425956726,0.9916104078292847,0.9916089177131653,0.9916032552719116,0.991603434085846,0.9916033148765564,0.9915955066680908,0.991599440574646
7,30.13476832707723,0.3802402814229329,29.754528045654297,0.9887946248054504,0.9892443319161733,0.9930815100669861,0.0009599053625195317,0.0028000000000000004,36.834910733043216,0.988908052444458,0.9894677996635437,0.9919065833091736,0.9904274940490723,0.990243673324585,0.9930815100669861,0.9890676736831665,0.9890046119689941,0.9889623522758484,0.9891269207000732,0.9890151023864746,0.9889872074127197,0.9888487458229065,0.9889509081840515,0.9888320565223694,0.9889097809791565,0.9888446927070618,0.9888237714767456,0.9889112114906311,0.9888253211975098,0.9888139963150024,0.9888949394226074,0.9888319373130798,0.9888155460357666,0.9888153672218323,0.988805890083313,0.9888065457344055,0.9888066053390503,0.9887946248054504,0.9887990355491638
8,30.029325822989147,0.3519958058993022,29.677330017089844,0.9855982065200806,0.9863264580567678,0.9918394088745117,0.0015495899374071578,0.0032,49.923017339082435,0.985784649848938,0.9869896769523621,0.991569995880127,0.9879851341247559,0.987720787525177,0.9918394088745117,0.9861629605293274,0.9859291911125183,0.985877513885498,0.9861180782318115,0.9859256744384766,0.9859120845794678,0.9856828451156616,0.9858499765396118,0.9856538772583008,0.9857749938964844,0.9856679439544678,0.9856314659118652,0.9857673048973083,0.9856357574462891,0.9856228828430176,0.985774576663971,0.9856426119804382,0.9856244921684265,0.9856221079826355,0.9856094121932983,0.98561030626297,0.9856102466583252,0.9855982065200806,0.9855995774269104
9,30.12788055340449,0.5380863944689432,29.589794158935547,0.9820027947425842,0.983188541730245,0.9921597242355347,0.0024303258580532826,0.0036,47.4880849031033,0.9822427034378052,0.9852697849273682,0.9921597242355347,0.9851917624473572,0.9864507913589478,0.990459680557251,0.98345947265625,0.9825905561447144,0.982390820980072,0.9827819466590881,0.9824510216712952,0.9824836254119873,0.982124388217926,0.9823486804962158,0.9820805191993713,0.9822660684585571,0.98209547996521,0.9820446372032166,0.9822300672531128,0.982053279876709,0.9820330142974854,0.9822654724121094,0.9820603728294373,0.9820379614830017,0.9820336699485779,0.9820136427879333,0.9820155501365662,0.9820148944854736,0.9820038676261902,0.9820027947425842
10,29.983999570210774,0.4883445103963216,29.495655059814453,0.9780084490776062,0.979724669456482,0.9919318556785583,0.0033661848146035642,0.004,45.24407414998859,0.9784603714942932,0.9831515550613403,0.9919318556785583,0.9822688102722168,0.9848880171775818,0.9893742203712463,0.9809403419494629,0.9791824817657471,0.9786757230758667,0.9790374636650085,0.978597104549408,0.9788038730621338,0.9781730771064758,0.9785104990005493,0.9781597852706909,0.978340744972229,0.978111743927002,0.9780550003051758,0.9783002138137817,0.9780717492103577,0.9780505299568176,0.9783797860145569,0.9780806303024292,0.9780574440956116,0.9780464768409729,0.9780209064483643,0.9780223965644836,0.978022038936615,0.9780167937278748,0.9780084490776062
11,29.933389514684677,0.5416487157344818,29.391740798950195,0.9736189842224121,0.9759904106458028,0.9925708770751953,0.004520812343883451,0.0044,42.77005290403031,0.9743096232414246,0.9806535840034485,0.9925708770751953,0.9791620969772339,0.9836603999137878,0.9879371523857117,0.9788157343864441,0.9753522872924805,0.9745904803276062,0.9749908447265625,0.9743872880935669,0.9747723937034607,0.9738489985466003,0.974281370639801,0.9738833904266357,0.974170446395874,0.9737719893455505,0.9737118482589722,0.9740607142448425,0.9737436771392822,0.973662257194519,0.9741172790527344,0.9737388491630554,0.9736943244934082,0.9736726880073547,0.9736342430114746,0.9736375212669373,0.973632276058197,0.9736286997795105,0.9736189842224121
12,29.71606057882309,0.4363479018211365,29.279712677001953,0.9688335657119751,0.9719417572021485,0.9925463199615479,0.005683605111675327,0.0048,41.3792759119533,0.969997227191925,0.978690505027771,0.9925463199615479,0.9763373136520386,0.9819912910461426,0.985719621181488,0.9769548773765564,0.9711475968360901,0.9707549810409546,0.9705795049667358,0.9697838425636292,0.9703372120857239,0.9691154956817627,0.9696498513221741,0.9692063927650452,0.9695990085601807,0.9690307378768921,0.9689698219299316,0.9694223403930664,0.9690054655075073,0.968879222869873,0.9694506525993347,0.969000518321991,0.9689422845840454,0.9689043164253235,0.9688528776168823,0.9688557386398315,0.9688464999198914,0.9688476324081421,0.9688335657119751
13,29.591837753852207,0.4335850377877553,29.158252716064453,0.9636549949645996,0.9677250166734059,0.9939382672309875,0.007225581607748048,0.0052,45.248633941984735,0.9654766321182251,0.9760971665382385,0.9939382672309875,0.9746662378311157,0.9801399111747742,0.9839068651199341,0.9757885932922363,0.9667708277702332,0.9673144221305847,0.9661280512809753,0.9648156762123108,0.9655575752258301,0.9639744162559509,0.9646013975143433,0.9641429781913757,0.9646560549736023,0.9639015197753906,0.9638267159461975,0.964367151260376,0.9638665318489075,0.9636913537979126,0.9643784761428833,0.9638636112213135,0.963792622089386,0.9637351036071777,0.9636770486831665,0.9636793732643127,0.9636638164520264,0.9636771082878113,0.9636549949645996
14,29.746949871381123,0.715200146039327,29.031749725341797,0.9580836892127991,0.963455714782079,0.995489776134491,0.009128904111250792,0.005600000000000001,50.56047793896869,0.960563600063324,0.9741431474685669,0.995489776134491,0.9734058976173401,0.9785350561141968,0.984376072883606,0.9745963215827942,0.9621022939682007,0.963832437992096,0.9620811939239502,0.9597185850143433,0.9610565304756165,0.9585753083229065,0.9594836235046387,0.9588065147399902,0.9599409103393555,0.9584272503852844,0.9584059119224548,0.9592896103858948,0.9583850502967834,0.9581021070480347,0.9590042233467102,0.9583708643913269,0.9582744240760803,0.9581970572471619,0.9581074714660645,0.958112359046936,0.9580888152122498,0.9581153392791748,0.9580836892127991
15,29.622706472873688,0.7190352082252502,28.903671264648438,0.9521165490150452,0.9590473314126332,0.9974980354309082,0.011412141130704786,0.006,50.48369455500506,0.9551613926887512,0.9750950932502747,0.9974980354309082,0.9720181226730347,0.9770764112472534,0.9848210215568542,0.9744107127189636,0.9576201438903809,0.960290789604187,0.9576357007026672,0.954306960105896,0.9561896920204163,0.9527722001075745,0.9539680480957031,0.9530836939811707,0.9547877311706543,0.9525666832923889,0.952566385269165,0.9537920355796814,0.9525055885314941,0.9521165490150452,0.9532327055931091,0.9524919986724854,0.9523772597312927,0.9522764682769775,0.952171266078949,0.9521608948707581,0.9521341919898987,0.9521704316139221,0.9521217346191406
16,29.448133289813995,0.676713764667511,28.771419525146484,0.9457453489303589,0.9544691542784373,0.9999505877494812,0.014022301388730398,0.0064,44.91112299298402,0.9493440389633179,0.976413905620575,0.9999505877494812,0.9710231423377991,0.9761216640472412,0.9857465624809265,0.9746619462966919,0.9530347585678101,0.9567407369613647,0.9531552195549011,0.948514461517334,0.9508262872695923,0.94674152135849,0.9481629133224487,0.9469407796859741,0.9492642879486084,0.9463330507278442,0.9463483095169067,0.9481133818626404,0.9462552666664124,0.9457453489303589,0.9471884965896606,0.9462602138519287,0.94610995054245,0.9459812641143799,0.9458556175231934,0.9458318948745728,0.9457932710647583,0.9458452463150024,0.9457705020904541
17,29.746303856372833,1.1122286915779114,28.634075164794922,0.9390327334403992,0.9502046922842662,1.0,0.016543491159119343,0.0068000000000000005,45.774599277065136,0.943556010723114,0.9772260189056396,1.0,0.9720213413238525,0.9751879572868347,0.9876476526260376,0.9756519794464111,0.9502044916152954,0.9528661966323853,0.9513869285583496,0.9447613954544067,0.9466487169265747,0.9409687519073486,0.9446164965629578,0.9407632946968079,0.9444380402565002,0.939820408821106,0.9399304986000061,0.9439253807067871,0.9397945404052734,0.9392427802085876,0.9413389563560486,0.9397704601287842,0.9395126104354858,0.9393419027328491,0.9391300082206726,0.9391399621963501,0.9390772581100464,0.9391379952430725,0.9390327334403992
18,29.412746409575146,0.906606654326121,28.506139755249023,0.9319130778312683,0.9459355135758718,0.9995091557502747,0.019447656999980845,0.0072,43.91098493000027,0.9381479620933533,0.9784462451934814,0.9995091557502747,0.9743468165397644,0.9749243855476379,0.9904965758323669,0.9775614142417908,0.9478537440299988,0.9485886693000793,0.9503926038742065,0.9412184357643127,0.9426048398017883,0.934935986995697,0.9408591389656067,0.9344372153282166,0.9394986629486084,0.9329731464385986,0.9331848621368408,0.9397509694099426,0.9329553246498108,0.9323387145996094,0.9351511597633362,0.9329854846000671,0.9325479865074158,0.9323315024375916,0.9320249557495117,0.9320635199546814,0.9319713711738586,0.9320514798164368,0.9319130778312683
19,29.853906989097595,1.4758418798446655,28.37806510925293,0.9244083166122437,0.9421276489893595,0.9972506761550903,0.022505535394886013,0.0076,46.42535283206962,0.9342807531356812,0.9797194004058838,0.9972506761550903,0.9774159789085388,0.9769907593727112,0.9942370057106018,0.9798293709754944,0.9463372826576233,0.9447148442268372,0.9498679041862488,0.9385316371917725,0.9407196044921875,0.9293337464332581,0.9376842379570007,0.9285659193992615,0.9373292326927185,0.9260786175727844,0.9268283843994141,0.9385161399841309,0.9261710047721863,0.9250445365905762,0.9289725422859192,0.9264631271362305,0.9252569675445557,0.9250391721725464,0.9245694875717163,0.9246146082878113,0.9244828820228577,0.9245753288269043,0.9244083166122437
20,29.19776584704717,0.9339375694592794,28.26382827758789,0.916527271270752,0.9381462792555492,0.9988712668418884,0.02585385263715733,0.008,46.82703785400372,0.9299300312995911,0.9800827503204346,0.9945223927497864,0.9806085228919983,0.9790022969245911,0.9988712668418884,0.9818088412284851,0.945717453956604,0.9414078593254089,0.9506125450134277,0.9361153244972229,0.9390109181404114,0.9234257936477661,0.9341285228729248,0.9223175644874573,0.9347012042999268,0.9187678098678589,0.9199907779693604,0.9366987347602844,0.9189670085906982,0.9173663258552551,0.922487199306488,0.9194709062576294,0.9176390767097473,0.9173658490180969,0.9167336821556091,0.9167740345001221,0.9166064858436584,0.9167299270629883,0.916527271270752
21,29.526912013689678,1.382523814837138,28.14438819885254,0.908270001411438,0.9343101203441619,1.0,0.029086661369527197,0.0084,42.607669342076406,0.9280743598937988,0.9797114729881287,0.9902284145355225,0.9850550293922424,0.9793303608894348,1.0,0.9849115014076233,0.9478473663330078,0.9400061368942261,0.9522906541824341,0.9343386888504028,0.938403308391571,0.9179812073707581,0.9318385124206543,0.9162361025810242,0.93251633644104,0.9112933874130249,0.9127625226974487,0.9356783032417297,0.9115026593208313,0.9092730283737183,0.9162611961364746,0.9123929142951965,0.9097424149513245,0.9093631505966187,0.908536970615387,0.9085591435432434,0.908340334892273,0.9085581302642822,0.908270001411438
22,29.667495210965473,1.6381907065709431,28.02930450439453,0.8996413946151733,0.9308181683222453,1.0,0.032886503851371866,0.0088,54.924384998041205,0.9265591502189636,0.9808937907218933,0.9875140190124512,0.9895974397659302,0.9802674055099487,1.0,0.9893023371696472,0.9510306715965271,0.9411702156066895,0.9549835324287415,0.9349771738052368,0.9388198256492615,0.9125266075134277,0.9292736649513245,0.9102963209152222,0.9315283298492432,0.9036462306976318,0.9054166078567505,0.9350613355636597,0.9037550687789917,0.900757908821106,0.9101663827896118,0.9049921035766602,0.9015405178070068,0.9010059237480164,0.9000351428985596,0.9000124931335449,0.8997092843055725,0.9000641703605652,0.8996413946151733
23,28.65371759732564,0.7291723092397054,27.924545288085938,0.8906548023223877,0.9269402662913004,1.0,0.036955898248762366,0.0092,47.96464006300084,0.9246644973754883,0.9824857711791992,0.9846335649490356,0.9937227368354797,0.9810631275177002,1.0,0.9932973384857178,0.9539035558700562,0.9417853951454163,0.9573957324028015,0.9350090026855469,0.9390814900398254,0.9064466953277588,0.9260199069976807,0.9037773013114929,0.9296492338180542,0.895534098148346,0.8975175023078918,0.9338539838790894,0.8955095410346985,0.891823947429657,0.9038270711898804,0.8971695303916931,0.8929926156997681,0.8922328948974609,0.8911305069923401,0.8910591006278992,0.8906800746917725,0.8912869691848755,0.8906548023223877
24,29.41439002752304,1.606181561946869,27.808208465576172,0.8813115954399109,0.9233204205830892,1.0,0.0412797277890294,0.0096,41.68899836600758,0.9231563210487366,0.9847038388252258,0.9824820756912231,0.9973207116127014,0.9817883968353271,1.0,0.9973205924034119,0.9565490484237671,0.9428633451461792,0.9606711268424988,0.9361658096313477,0.9411152005195618,0.9008259177207947,0.9230667948722839,0.8978111147880554,0.9289020895957947,0.8872619867324829,0.8898819088935852,0.9340788722038269,0.8872446417808533,0.8825063109397888,0.8980506658554077,0.88962322473526,0.8842747211456299,0.8833398222923279,0.8819791674613953,0.8818095922470093,0.8813115954399109,0.8821904063224792,0.8813173174858093
25,28.915581564108532,1.2159679929415386,27.699613571166992,0.8716042637825012,0.9196062008539836,1.0,0.04576513133757454,0.01,52.349944291985594,0.9210432171821594,0.9871824383735657,0.9808507561683655,1.0,0.982835590839386,0.9997010827064514,0.9994755387306213,0.9595707654953003,0.9446991682052612,0.964671790599823,0.9385315775871277,0.9435582756996155,0.8955238461494446,0.920032799243927,0.8915953636169434,0.9280316829681396,0.878557562828064,0.8820000886917114,0.9342676401138306,0.8786298632621765,0.8727483749389648,0.892557680606842,0.8820156455039978,0.8752751350402832,0.8741384744644165,0.8724451065063477,0.8722399473190308,0.8716042637825012,0.8727690577507019,0.8716332912445068
26,29.292415102322895,1.7042269309361775,27.58818817138672,0.8615869283676147,0.9160739521185557,1.0,0.05017199289879261,0.0104,49.53047028102446,0.9196709394454956,0.9898555874824524,0.9792761206626892,1.0,0.983354926109314,0.9989680647850037,1.0,0.9632034301757812,0.9463826417922974,0.9692218899726868,0.9414913058280945,0.9469127655029297,0.8907156586647034,0.9179592728614807,0.8864953517913818,0.9296436309814453,0.8703830242156982,0.874590277671814,0.9363844990730286,0.8699849843978882,0.862573504447937,0.8886022567749023,0.8744657635688782,0.8660278916358948,0.864745020866394,0.8626401424407959,0.8624130487442017,0.8615869283676147,0.8630733489990234,0.8615962862968445
27,29.99316644668579,2.510946750640869,27.482219696044922,0.8512024879455566,0.9136621256669363,1.0,0.05490015509139951,0.0108,53.85965633101296,0.9209458827972412,0.9936720132827759,0.9798113107681274,1.0,0.9851806163787842,1.0,1.0,0.9678741693496704,0.9485570192337036,0.9749204516410828,0.9449596405029297,0.9522560834884644,0.8879080414772034,0.9191657304763794,0.8840116858482361,0.9335660934448242,0.863544762134552,0.8677244782447815,0.9402670860290527,0.8623923063278198,0.8520717024803162,0.8864589929580688,0.8701592683792114,0.857572615146637,0.8560106754302979,0.8529044985771179,0.8523378372192383,0.8512564897537231,0.8531318306922913,0.8512024879455566
28,29.08277988433838,1.6729154586791992,27.40986442565918,0.8404802083969116,0.9114744901657105,1.0,0.05999915278189914,0.011200000000000002,35.763474439969286,0.922743022441864,0.9974499344825745,0.9829787611961365,1.0,0.9861034750938416,1.0,1.0,0.9733657836914062,0.9508696794509888,0.9811028242111206,0.9496358036994934,0.9582449197769165,0.8857786655426025,0.921708345413208,0.8821303248405457,0.9386836290359497,0.8568071126937866,0.8604046106338501,0.9450186491012573,0.8549157977104187,0.8412166237831116,0.884461522102356,0.865975558757782,0.848909854888916,0.8470665812492371,0.8428071737289429,0.8418823480606079,0.8405441045761108,0.842949390411377,0.8404802083969116
29,28.649223526318867,1.3049890597661336,27.344234466552734,0.829484760761261,0.9090671042601267,1.0,0.06526586177432005,0.0116,35.76588903996162,0.924616813659668,1.0,0.9864845275878906,1.0,0.9867526888847351,1.0,1.0,0.9783356785774231,0.95345139503479,0.9868391156196594,0.9542335271835327,0.9635870456695557,0.8828332424163818,0.9237493872642517,0.8796464800834656,0.9435974359512329,0.8496089577674866,0.852645218372345,0.9501505494117737,0.8471419811248779,0.8299639225006104,0.8832210302352905,0.8619009256362915,0.8400188088417053,0.8378574848175049,0.8325682282447815,0.8311679363250732,0.8295358419418335,0.8326201438903809,0.829484760761261
30,29.178139090538025,1.9061263799667358,27.27201271057129,0.8181460499763489,0.9067623674869537,1.0,0.07037479619467141,0.012,35.79330854804721,0.9271369576454163,1.0,0.9899955987930298,1.0,0.9857808351516724,1.0,1.0,0.982875645160675,0.9546933174133301,0.9918559789657593,0.9584029912948608,0.9693098664283752,0.8807387948036194,0.9263054728507996,0.8778086304664612,0.9499568343162537,0.8430201411247253,0.8461235165596008,0.9566014409065247,0.8407905101776123,0.8182307481765747,0.8835673332214355,0.858717143535614,0.8317806720733643,0.8285753726959229,0.8220682740211487,0.8202166557312012,0.8181966543197632,0.821975588798523,0.8181460499763489
31,28.67920156319936,1.4763283332188923,27.20287322998047,0.8060337901115417,0.9044182399908701,1.0,0.07557952666145955,0.0124,35.776008246000856,0.9292607307434082,1.0,0.9940214157104492,1.0,0.9841867685317993,1.0,1.0,0.9874114990234375,0.9551092982292175,0.9962785840034485,0.9613098502159119,0.9750470519065857,0.8790140151977539,0.9290502667427063,0.8763362169265747,0.956950306892395,0.8366900086402893,0.8391746878623962,0.9633050560951233,0.8353121876716614,0.8060337901115417,0.8843920826911926,0.8561894297599792,0.8235923647880554,0.8192119002342224,0.8112677931785583,0.8089880347251892,0.8066360950469971,0.8112037181854248,0.8065740466117859
32,28.328794201215107,1.196246822675069,27.13254737854004,0.7935054302215576,0.9015746951103211,1.0,0.08083027127062628,0.0128,35.769789929967374,0.9293330311775208,1.0,0.9980615973472595,0.9988750219345093,0.9836294651031494,1.0,1.0,0.9910269975662231,0.9542691111564636,0.9993708729743958,0.9631053805351257,0.9799478054046631,0.876325786113739,0.93109130859375,0.8742302656173706,0.9634355306625366,0.8297308087348938,0.8316718935966492,0.9694440960884094,0.8291592597961426,0.7935054302215576,0.8855535984039307,0.8534597754478455,0.8150922060012817,0.8093730807304382,0.8003613948822021,0.7973892688751221,0.7946945428848267,0.8003579378128052,0.7947453856468201
33,28.43784523010254,1.390604019165039,27.0472412109375,0.7805328369140625,0.8981094976266225,1.0,0.08577885300905963,0.0132,35.87894163001329,0.9290735721588135,0.9990968704223633,1.0,0.9969017505645752,0.9820932745933533,0.9993566274642944,1.0,0.9924781918525696,0.9530815482139587,1.0,0.963482141494751,0.9837549924850464,0.8736042380332947,0.9320043921470642,0.8719106912612915,0.9696443676948547,0.8222392797470093,0.82377028465271,0.9752823710441589,0.8231958746910095,0.7805328369140625,0.8858751058578491,0.8511048555374146,0.8062070608139038,0.7990636229515076,0.7893611192703247,0.7855756878852844,0.7824589014053345,0.789466917514801,0.7826683521270752
34,28.747891982396443,1.8046050866444905,26.943286895751953,0.7671447396278381,0.8945762892564137,1.0,0.09049089358369633,0.013600000000000001,35.84627715998795,0.9282918572425842,0.9974937438964844,1.0,0.9946629405021667,0.9797916412353516,0.9967418313026428,1.0,0.9931191802024841,0.949756383895874,1.0,0.9628902673721313,0.9877719879150391,0.8725229501724243,0.9335254430770874,0.8708080053329468,0.976938784122467,0.8158531188964844,0.8169451951980591,0.9820116758346558,0.8176480531692505,0.7671447396278381,0.8873035907745361,0.8495451807975769,0.797206461429596,0.7886459231376648,0.7780947685241699,0.7734702229499817,0.7699183225631714,0.7788244485855103,0.7703619599342346
35,28.88002387682597,2.042735973993937,26.83728790283203,0.7533595561981201,0.8914095143477122,1.0,0.09529002877622698,0.014000000000000002,35.85499502602033,0.928673505783081,0.9946935176849365,0.9998700022697449,0.9907874464988708,0.9783229827880859,0.9929243326187134,1.0,0.993340253829956,0.949517548084259,0.998215913772583,0.9651380777359009,0.9917330145835876,0.8726944923400879,0.9353562593460083,0.871820330619812,0.9852316975593567,0.8107309341430664,0.8108989596366882,0.989772379398346,0.8125539422035217,0.7533595561981201,0.890834391117096,0.8489183783531189,0.7880555391311646,0.7782670855522156,0.7666429281234741,0.7610832452774048,0.7570974826812744,0.7679505944252014,0.7578006386756897
36,28.585357407728832,1.8430707255999248,26.742286682128906,0.7391953468322754,0.8880978266398112,1.0,0.10010718272755235,0.0144,35.77780564699788,0.9289675951004028,0.9916291832923889,0.9992192983627319,0.9874750375747681,0.9763659834861755,0.9897620677947998,1.0,0.9922910332679749,0.9480254054069519,0.9947100281715393,0.9668406844139099,0.9951305389404297,0.8719923496246338,0.9381626844406128,0.8731144666671753,0.9931750297546387,0.8052526116371155,0.8050006628036499,0.9976527690887451,0.8077815175056458,0.7391953468322754,0.8948850631713867,0.8499028086662292,0.7789953351020813,0.7678782343864441,0.7548704743385315,0.7484780550003052,0.7439079880714417,0.7572411298751831,0.7450314164161682
37,28.233580231666565,1.590645432472229,26.642934799194336,0.7254394292831421,0.8843065539995829,1.0,0.10474537157464493,0.0148,35.797762503963895,0.9287357926368713,0.9881355166435242,0.9990280270576477,0.9843763113021851,0.9740857481956482,0.9847572445869446,0.9995442628860474,0.9902450442314148,0.9482008814811707,0.9912164807319641,0.9675419330596924,0.9976131916046143,0.8705056309700012,0.9402326941490173,0.8735978603363037,1.0,0.799260139465332,0.7988258600234985,1.0,0.8028813004493713,0.7254394292831421,0.9003779888153076,0.8502674102783203,0.7696271538734436,0.7572021484375,0.7428345084190369,0.7356630563735962,0.7305190563201904,0.7464210987091064,0.7320608496665955
38,28.638259291648865,2.109061598777771,26.529197692871094,0.7112638354301453,0.8803386787573496,1.0,0.10866795131845182,0.0152,35.93436887895223,0.9277520179748535,0.9825787544250488,0.9971379637718201,0.9824137687683105,0.9724227786064148,0.9777237772941589,0.9958038926124573,0.9877370595932007,0.9495149254798889,0.9880754351615906,0.9697540402412415,0.9976917505264282,0.8689583539962769,0.9419395327568054,0.8773999214172363,1.0,0.7969235777854919,0.7941141724586487,1.0,0.8019518256187439,0.7112638354301453,0.9061770439147949,0.851272702217102,0.7604290843009949,0.7464230060577393,0.7303740382194519,0.7227593064308167,0.716995894908905,0.7356492877006531,0.7189226150512695
39,28.79388928413391,2.3837292194366455,26.410160064697266,0.6973810791969299,0.8773170610268911,1.0,0.11322024882292989,0.015600000000000001,35.84657889499795,0.9290064573287964,0.9786784648895264,0.9941636323928833,0.984941840171814,0.9754870533943176,0.9749209880828857,0.9949764609336853,0.9845247268676758,0.9508303999900818,0.9870409369468689,0.971348762512207,0.9977452158927917,0.8680967688560486,0.9447654485702515,0.8818973898887634,1.0,0.7953092455863953,0.7898078560829163,1.0,0.8011665344238281,0.6973810791969299,0.9140571355819702,0.8526851534843445,0.7524285912513733,0.7359936833381653,0.7178512215614319,0.7097629308700562,0.7032892107963562,0.7258346676826477,0.70551997423172
40,28.44801143805186,2.1285000244776406,26.31951141357422,0.6829710006713867,0.8744010428587595,1.0,0.11790180362202124,0.016,35.91398419498,0.9297121167182922,0.9758877158164978,0.9911782145500183,0.9885812401771545,0.9808715581893921,0.9738137125968933,0.9951168894767761,0.979752779006958,0.9522209167480469,0.9842796325683594,0.9726394414901733,0.9969519376754761,0.8676634430885315,0.9460810422897339,0.8864094614982605,1.0,0.7941945195198059,0.7855436205863953,1.0,0.8013908267021179,0.6829710006713867,0.9216089248657227,0.8548829555511475,0.7443898320198059,0.7258263826370239,0.7057707905769348,0.696686863899231,0.6894304752349854,0.7160851359367371,0.692089855670929
41,29.369206587473553,3.137175718943278,26.232030868530273,0.6678029894828796,0.8728628814220428,1.0,0.12279790633042216,0.0164,35.87088196899276,0.9297041296958923,0.9769518375396729,0.9860053658485413,0.9939478635787964,0.9873356223106384,0.9747012853622437,0.9946386814117432,0.9772998094558716,0.9568224549293518,0.9830289483070374,0.975447416305542,0.9980132579803467,0.8703758120536804,0.9503992795944214,0.8925074934959412,1.0,0.7967564463615417,0.783912718296051,1.0,0.8038914799690247,0.6678029894828796,0.9301815629005432,0.8602445721626282,0.7373248934745789,0.7165322303771973,0.6955887675285339,0.6846831440925598,0.6760095953941345,0.7070515751838684,0.6787272095680237
42,28.216766953468323,2.030880570411682,26.18588638305664,0.6524057984352112,0.8711173295974731,1.0,0.12779420136408562,0.0168,35.7999462709995,0.9281788468360901,0.9790502190589905,0.9807668328285217,0.9988738894462585,0.993756115436554,0.9751508235931396,0.9935406446456909,0.973476231098175,0.9621657133102417,0.9822229743003845,0.9782216548919678,0.999675452709198,0.8732279539108276,0.9535433650016785,0.8979478478431702,1.0,0.7997040748596191,0.7824996709823608,1.0,0.8060535788536072,0.6524057984352112,0.9374257922172546,0.8645955324172974,0.7302477955818176,0.7065075635910034,0.6850125193595886,0.6724518537521362,0.6624666452407837,0.6987963914871216,0.6655541062355042
43,28.365649898846943,2.2321316798528037,26.13351821899414,0.6365312933921814,0.8689733187357584,1.0,0.13235662908561965,0.0172,35.81821157899685,0.9262810945510864,0.9827228784561157,0.9773863554000854,1.0,0.9983353018760681,0.9760285019874573,0.9920019507408142,0.9680343866348267,0.965984582901001,0.9800864458084106,0.9791330695152283,1.0,0.874977707862854,0.9553144574165344,0.9017555713653564,1.0,0.801837682723999,0.7806314826011658,1.0,0.8086695075035095,0.6365312933921814,0.9428046941757202,0.869576096534729,0.7239270806312561,0.6972683668136597,0.6745818257331848,0.6603739261627197,0.6490880846977234,0.6933441162109375,0.6525231003761292
44,27.97952874501546,1.9103282292683919,26.06920051574707,0.6200910210609436,0.8663018345832825,1.0,0.1368492759603856,0.0176,35.78134176007006,0.9269412755966187,0.9874545931816101,0.9755770564079285,1.0,1.0,0.9801816344261169,0.9907106161117554,0.9623597264289856,0.9681875109672546,0.9762149453163147,0.9772212505340576,0.9973625540733337,0.8754785060882568,0.9552435874938965,0.9038532376289368,1.0,0.8022981882095337,0.7772981524467468,1.0,0.8097809553146362,0.6200910210609436,0.9469190835952759,0.8742761015892029,0.7179281115531921,0.6879806518554688,0.6647066473960876,0.6479496955871582,0.6354129910469055,0.688056468963623,0.6395704746246338
45,28.562161207199097,2.573105573654175,25.989055633544922,0.6032440662384033,0.8641883293787639,1.0,0.1416005852782753,0.018000000000000002,35.79413218807895,0.930177628993988,0.9956287741661072,0.9805479645729065,1.0,1.0,0.9872288703918457,0.9891515970230103,0.9568468332290649,0.9721665978431702,0.9722417593002319,0.9759224057197571,0.9946346879005432,0.8751846551895142,0.9540967345237732,0.905781626701355,1.0,0.8024137020111084,0.7738315463066101,1.0,0.8103991746902466,0.6032440662384033,0.9501825571060181,0.8787617087364197,0.712836742401123,0.6800009608268738,0.6552765965461731,0.6360479593276978,0.6220763921737671,0.684039831161499,0.6269285082817078
46,28.70152775446574,2.77587620417277,25.92565155029297,0.5861011147499084,0.862666767835617,1.0,0.14645568008974943,0.0184,35.84243017400149,0.9361096024513245,1.0,0.9883180260658264,0.9989662170410156,1.0,0.9923802018165588,0.9884089231491089,0.9544379115104675,0.9756606221199036,0.9717119336128235,0.9766457676887512,0.9922409653663635,0.8773189783096313,0.9546440243721008,0.909350574016571,1.0,0.8025423288345337,0.7698019742965698,1.0,0.811128556728363,0.5861011147499084,0.9532544612884521,0.8834027647972107,0.7080137729644775,0.67299884557724,0.6464506983757019,0.624334990978241,0.6090809106826782,0.6822084188461304,0.6144904494285583
47,27.894923011461895,2.0149200359980264,25.880002975463867,0.5686116814613342,0.8601936280727387,1.0,0.1509289625948371,0.0188,35.748733597924,0.941590428352356,1.0,0.9955164194107056,0.9967424273490906,1.0,0.9971030950546265,0.9874839186668396,0.952158510684967,0.9765210151672363,0.9704444408416748,0.9760758280754089,0.9879217743873596,0.8772733807563782,0.9528936147689819,0.9108326435089111,1.0,0.8006937503814697,0.7641142010688782,1.0,0.8105782270431519,0.5686116814613342,0.9540554285049438,0.8867224454879761,0.703007161617279,0.665202260017395,0.6381843686103821,0.612405002117157,0.5964341759681702,0.6805785894393921,0.602664053440094
48,28.357336441675823,2.551527420679728,25.805809020996094,0.5509036183357239,0.8577174623807271,1.0,0.15489389340735324,0.0192,35.76418091193773,0.9457343816757202,1.0,1.0,0.9939536452293396,1.0,1.0,0.9862786531448364,0.950768232345581,0.9764825701713562,0.9701871275901794,0.9752524495124817,0.9822695255279541,0.8779966235160828,0.9505744576454163,0.9108258485794067,1.0,0.7992246150970459,0.7590078115463257,1.0,0.8104324340820312,0.5509036183357239,0.9537308812141418,0.8910942673683167,0.7006381154060364,0.6597902774810791,0.6308461427688599,0.6011282205581665,0.5841227769851685,0.679336667060852,0.5909445285797119
49,28.005789756774902,2.274266242980957,25.731523513793945,0.5333746075630188,0.854565046230952,1.0,0.15841808614388553,0.0196,35.85650950996205,0.948632001876831,1.0,1.0,0.9907882809638977,1.0,1.0,0.9870772957801819,0.9504145383834839,0.9758018255233765,0.9691316485404968,0.9725787043571472,0.9751807451248169,0.8775492906570435,0.9468874335289001,0.9092937707901001,1.0,0.7964766025543213,0.7529811859130859,1.0,0.8088794946670532,0.5333746075630188,0.9510722160339355,0.8935390114784241,0.6974984407424927,0.6534980535507202,0.624749481678009,0.590545117855072,0.572231113910675,0.6791953444480896,0.5795751810073853
50,27.76346778869629,2.126516342163086,25.636951446533203,0.5153201818466187,0.8510519385337829,1.0,0.1622003421299797,0.02,35.85383204894606,0.949429988861084,0.9994849562644958,1.0,0.9871973991394043,1.0,0.9994285106658936,0.9889507293701172,0.9496442675590515,0.9781157374382019,0.9683285355567932,0.970081090927124,0.968654990196228,0.8775172233581543,0.9429863691329956,0.9061845541000366,1.0,0.7923733592033386,0.7452743649482727,1.0,0.8049917221069336,0.5153201818466187,0.9476509094238281,0.8945287466049194,0.6940743327140808,0.6464440226554871,0.6183438897132874,0.5795302391052246,0.5600115656852722,0.6787536144256592,0.5682568550109863
51,27.95742205778758,2.4258649746576944,25.531557083129883,0.4973180592060089,0.8471803873777389,1.0,0.1654422594810498,0.02,35.82958868192509,0.9504792094230652,0.997572124004364,1.0,0.9831375479698181,1.0,0.9975322484970093,0.989374577999115,0.9476445913314819,0.9789016246795654,0.96669602394104,0.9667505025863647,0.9608662724494934,0.8758407831192017,0.9380375742912292,0.9019458889961243,1.0,0.7879732251167297,0.7365858554840088,1.0,0.8001230955123901,0.4973180592060089,0.9427568316459656,0.8960242867469788,0.6912909150123596,0.6399465203285217,0.614368200302124,0.568897008895874,0.5483418107032776,0.6794952750205994,0.557511568069458
52,27.79718001683553,2.3817671140034995,25.41541290283203,0.47938039898872375,0.8430798719326655,1.0,0.16858157137327343,0.02,35.87787692807615,0.9523984789848328,0.9941310286521912,1.0,0.978942334651947,0.9984233975410461,0.9955165386199951,0.9906209707260132,0.9464315176010132,0.9778634309768677,0.964913547039032,0.9624851942062378,0.9532638788223267,0.8740911483764648,0.9322956800460815,0.8971696496009827,1.0,0.7828821539878845,0.7273237109184265,1.0,0.794294536113739,0.47938039898872375,0.9374251365661621,0.8974564671516418,0.6887570023536682,0.6332964897155762,0.6102762818336487,0.5583658218383789,0.5366697907447815,0.680302083492279,0.5474194884300232
53,27.37982972462972,2.087433179219564,25.292396545410156,0.461385041475296,0.8383046537637711,1.0,0.17146124858282225,0.02,35.7843921269523,0.9530231952667236,0.9888030886650085,1.0,0.973910927772522,0.9948395490646362,0.9914012551307678,0.9919387698173523,0.9447473883628845,0.9763244390487671,0.9626399874687195,0.9565797448158264,0.9459185600280762,0.8710296154022217,0.9257090091705322,0.8921303153038025,1.0,0.7764659523963928,0.716828465461731,1.0,0.7866098284721375,0.461385041475296,0.9308814406394958,0.8973464369773865,0.6858038306236267,0.6260513663291931,0.6062167286872864,0.5479063987731934,0.5253157615661621,0.6816990971565247,0.5376334190368652
54,28.418102502822876,3.268963098526001,25.149139404296875,0.44474807381629944,0.8343747705221176,1.0,0.17418117353499127,0.02,35.83642573398538,0.9521151781082153,0.9834413528442383,0.9997782111167908,0.9726283550262451,0.9898726940155029,0.9863343834877014,0.9944272041320801,0.944014847278595,0.9749793410301208,0.9633265733718872,0.9502432942390442,0.9408054351806641,0.8712712526321411,0.9195982217788696,0.8878356218338013,1.0,0.771300196647644,0.7081290483474731,1.0,0.7787901759147644,0.44474807381629944,0.9282523393630981,0.8964461088180542,0.6836580038070679,0.6200847625732422,0.6025868654251099,0.5386596918106079,0.5153974890708923,0.6840432286262512,0.5284751653671265
55,28.002774119377136,2.9715317487716675,25.03124237060547,0.4284679889678955,0.8312283396720886,1.0,0.17729856695966917,0.02,35.78097581898328,0.9563383460044861,0.9753409624099731,0.9990863800048828,0.9761111736297607,0.9878175258636475,0.9818653464317322,0.9979717135429382,0.9490012526512146,0.9756782054901123,0.9667447209358215,0.9449080228805542,0.9377133846282959,0.8711234331130981,0.9130547642707825,0.8829802870750427,1.0,0.7649767398834229,0.6992721557617188,1.0,0.770959198474884,0.4284679889678955,0.9238266348838806,0.894257128238678,0.6829355359077454,0.6135597825050354,0.5999478101730347,0.5300513505935669,0.506470799446106,0.6865977644920349,0.5197917819023132
56,27.261401971181233,2.324552377065023,24.93684959411621,0.41230490803718567,0.8276326050360997,1.0,0.18052327204518168,0.02,35.77816426497884,0.9580722451210022,0.9678202867507935,0.9979918599128723,0.9783161878585815,0.984875500202179,0.9782461524009705,1.0,0.9530711770057678,0.9762909412384033,0.9706289768218994,0.9407700896263123,0.9346392154693604,0.8701317310333252,0.9056794047355652,0.8781249523162842,1.0,0.7581875324249268,0.6898484826087952,1.0,0.7623319029808044,0.41230490803718567,0.9184240698814392,0.8916717171669006,0.6820151209831238,0.6064426898956299,0.596329391002655,0.5205620527267456,0.49669545888900757,0.6878745555877686,0.5116315484046936
57,27.898250182469685,3.069270690282186,24.8289794921875,0.39616137742996216,0.8243325392405192,1.0,0.18380707069756394,0.02,37.12080431904178,0.9591024518013,0.9611494541168213,0.9958140254020691,0.9802823066711426,0.9816508889198303,0.9767811894416809,1.0,0.9561952948570251,0.9762946367263794,0.9744183421134949,0.935977578163147,0.9333018660545349,0.8710498213768005,0.9015570878982544,0.8743064403533936,1.0,0.7521222829818726,0.6811743974685669,1.0,0.7530606985092163,0.39616137742996216,0.9153711795806885,0.8897290229797363,0.6815935969352722,0.6005692481994629,0.591674268245697,0.5106292366981506,0.48656684160232544,0.6889733672142029,0.5044692754745483
58,27.92597270011902,3.195996046066284,24.729976654052734,0.3798096776008606,0.8213383475939433,1.0,0.18698638179064858,0.02,37.18567276804242,0.9572325348854065,0.9533634781837463,0.992574155330658,0.9818224906921387,0.9779337644577026,0.9756011366844177,1.0,0.9554058313369751,0.9747739434242249,0.980648398399353,0.9332822561264038,0.9361618757247925,0.872874915599823,0.8978747725486755,0.8721438050270081,1.0,0.748210608959198,0.6736055612564087,1.0,0.7437102794647217,0.3798096776008606,0.9144997596740723,0.8886540532112122,0.6808916926383972,0.5946880578994751,0.5874634981155396,0.5008268356323242,0.47648152709007263,0.6915556192398071,0.4980598986148834
59,28.109295924504597,3.4691458543141684,24.64015007019043,0.36351141333580017,0.8190452684958776,1.0,0.18996533746281957,0.02,38.002521230024286,0.9544791579246521,0.9487782120704651,0.9909038543701172,0.9814318418502808,0.9767139554023743,0.9780535101890564,0.9998963475227356,0.953415036201477,0.9710450768470764,0.9858802556991577,0.9307981729507446,0.9365525245666504,0.8741229176521301,0.8990193605422974,0.87046217918396,1.0,0.7455492615699768,0.6646767854690552,1.0,0.7352105975151062,0.36351141333580017,0.9150522947311401,0.8895284533500671,0.6822059750556946,0.5896438956260681,0.5849001407623291,0.4919487535953522,0.46706703305244446,0.6968690156936646,0.49364203214645386
60,27.314189434051514,2.7428317070007324,24.57135772705078,0.3479647636413574,0.8166078597307205,1.0,0.19315118328477912,0.02,37.45100225205533,0.9506244659423828,0.9470335841178894,0.9899818301200867,0.9813819527626038,0.9768785834312439,0.9813312888145447,0.9993534684181213,0.9509875178337097,0.965214192867279,0.9889954924583435,0.9277642965316772,0.9372129440307617,0.8739513158798218,0.9020404815673828,0.8695960640907288,1.0,0.7429275512695312,0.6545166969299316,1.0,0.7253893613815308,0.3479647636413574,0.9171316623687744,0.8889837265014648,0.683254063129425,0.5839394330978394,0.580769956111908,0.4820750057697296,0.4573088586330414,0.701562225818634,0.4900650084018707
61,28.958022673924763,4.459788878758748,24.498233795166016,0.33624979853630066,0.815387757619222,1.0,0.1962394744698837,0.02,39.07075519300997,0.9468658566474915,0.949857234954834,0.9888686537742615,0.9823443293571472,0.9774739146232605,0.9860180616378784,0.998691976070404,0.9517019391059875,0.9576151371002197,0.9889011979103088,0.92701256275177,0.940300464630127,0.8756555318832397,0.9092366099357605,0.872585654258728,1.0,0.7444878220558167,0.6493086814880371,1.0,0.7163113355636597,0.33624979853630066,0.9235577583312988,0.8869296908378601,0.6840760707855225,0.5794962048530579,0.5758770108222961,0.47249001264572144,0.4471815526485443,0.7055067420005798,0.48703092336654663
62,29.11742067337036,4.655788898468018,24.461631774902344,0.324650377035141,0.8162782529989878,1.0,0.1995838606274243,0.02,39.2644493249245,0.9428449869155884,0.9568873047828674,0.9863806962966919,0.9876201748847961,0.9813593626022339,0.992193877696991,1.0,0.9540006518363953,0.9522613286972046,0.9902220368385315,0.9308522343635559,0.9473826289176941,0.8816543221473694,0.9187270402908325,0.8780828714370728,1.0,0.7485512495040894,0.6497887969017029,1.0,0.7116847038269043,0.324650377035141,0.9331305027008057,0.8875396847724915,0.68541020154953,0.5780503153800964,0.5715431571006775,0.4646157920360565,0.4392271637916565,0.7092286348342896,0.48445749282836914
63,28.41218356291453,3.923835555712382,24.48834800720215,0.3125156760215759,0.8182483235994975,1.0,0.20303746728657207,0.02,35.78045537893195,0.9421157836914062,0.9670383334159851,0.9850143194198608,0.9966672658920288,0.985304057598114,0.9988611340522766,1.0,0.9577361345291138,0.9470804333686829,0.9883420467376709,0.9345691800117493,0.9557422995567322,0.8878140449523926,0.9296852946281433,0.8859162926673889,1.0,0.7536853551864624,0.6520714163780212,1.0,0.7113633155822754,0.3125156760215759,0.9430441856384277,0.8933430910110474,0.6881445646286011,0.5790597200393677,0.5670430660247803,0.45803332328796387,0.43152910470962524,0.7137102484703064,0.4820200204849243
64,28.270373264948528,3.7229222456614175,24.54745101928711,0.30053645372390747,0.8201569239298503,1.0,0.20598278841127682,0.02,37.70848645304795,0.9409716129302979,0.977774441242218,0.9842122793197632,1.0,0.9866840839385986,1.0,1.0,0.9642346501350403,0.9438401460647583,0.9875224232673645,0.9380837082862854,0.9633004665374756,0.8953023552894592,0.9394579529762268,0.893172025680542,1.0,0.7588028311729431,0.654978334903717,1.0,0.7133074998855591,0.30053645372390747,0.952940821647644,0.8995798230171204,0.69036465883255,0.5814246535301208,0.5638055205345154,0.45252251625061035,0.425544798374176,0.716485321521759,0.4798583388328552
65,29.632658799489338,5.027951081593831,24.604707717895508,0.2896668016910553,0.823236029346784,1.0,0.2082502646331132,0.02,36.934856022009626,0.9403278231620789,0.9880693554878235,0.9792582392692566,1.0,0.9853496551513672,1.0,0.9962336421012878,0.9701370596885681,0.9427478313446045,0.9903525710105896,0.9472089409828186,0.9743879437446594,0.906044602394104,0.9515905976295471,0.9037683010101318,1.0,0.7680904865264893,0.6628949046134949,1.0,0.7177609801292419,0.2896668016910553,0.9633176922798157,0.9078385829925537,0.6935373544692993,0.5866008996963501,0.5622132420539856,0.4502270519733429,0.4209458529949188,0.7200762629508972,0.4784342050552368
66,27.469768444697063,2.772685925165812,24.69708251953125,0.27791768312454224,0.8261795520782471,1.0,0.2109927529542975,0.02,36.33913576893974,0.9436525106430054,0.9967018961906433,0.9768654108047485,1.0,0.9868108630180359,1.0,0.9943339824676514,0.9762201905250549,0.9456848502159119,0.9960578680038452,0.9558166861534119,0.9840050339698792,0.9146742820739746,0.9625473618507385,0.9122909903526306,1.0,0.7754051685333252,0.669309139251709,1.0,0.7204533815383911,0.27791768312454224,0.9713747501373291,0.9139987826347351,0.6945503354072571,0.5904945135116577,0.5614982843399048,0.4482978582382202,0.4162484109401703,0.7226852774620056,0.4774910509586334
67,27.176023999849956,2.390636960665385,24.78538703918457,0.26593369245529175,0.8277524908383688,1.0,0.21365573563659876,0.02,37.678424473968334,0.9437113404273987,1.0,0.9770235419273376,0.9999793767929077,0.9874616861343384,1.0,0.9896266460418701,0.9822333455085754,0.9451088905334473,1.0,0.9655802249908447,0.9892576932907104,0.9215360879898071,0.9727024435997009,0.9201319813728333,1.0,0.7818800806999207,0.6747308373451233,1.0,0.7204045653343201,0.26593369245529175,0.9770903587341309,0.9168492555618286,0.6935597658157349,0.5923985838890076,0.5593931674957275,0.44478580355644226,0.4107290804386139,0.7237595319747925,0.47670674324035645
68,29.380964279174805,4.548389434814453,24.83257484436035,0.25406304001808167,0.8302481204271317,1.0,0.21567836907862195,0.02,39.71725190000143,0.947248101234436,1.0,0.9822096228599548,1.0,0.9904277920722961,1.0,0.986166775226593,0.9894036054611206,0.9478654265403748,1.0,0.9748861789703369,0.9923044443130493,0.9264294505119324,0.9809862375259399,0.9259300231933594,1.0,0.7911771535873413,0.6825808882713318,1.0,0.7251918315887451,0.25406304001808167,0.9816334843635559,0.922671377658844,0.6975179314613342,0.5975574254989624,0.5599473714828491,0.44345614314079285,0.4059848487377167,0.7252958416938782,0.47650861740112305
69,29.50879414876302,4.60135014851888,24.90744400024414,0.2420225739479065,0.8336398283640544,1.0,0.2167219480397523,0.02,37.69753157207742,0.9520477652549744,1.0,0.9874864816665649,1.0,0.9921872615814209,0.9986296892166138,0.982181191444397,0.9966554641723633,0.9518260955810547,1.0,0.9823647737503052,0.9956976175308228,0.9313739538192749,0.9885935187339783,0.9320454001426697,1.0,0.8012720346450806,0.6911541819572449,1.0,0.732133686542511,0.2420225739479065,0.9856096506118774,0.9318075776100159,0.7044941186904907,0.6065136790275574,0.5643236637115479,0.4469549357891083,0.40444204211235046,0.7296005487442017,0.4777769446372986
70,28.06026593844096,3.0510725180308023,25.009193420410156,0.22974807024002075,0.8364920129378637,1.0,0.21729333302225495,0.02,39.41589180205483,0.9554667472839355,1.0,0.9933326244354248,0.9980701208114624,0.9919481873512268,0.995965301990509,0.9788014888763428,0.9996903538703918,0.9575187563896179,1.0,0.9884355068206787,0.9977505803108215,0.9354612231254578,0.9943984150886536,0.9359219670295715,1.0,0.8102677464485168,0.6986714601516724,1.0,0.7382234930992126,0.22974807024002075,0.9877183437347412,0.9402559995651245,0.7129355669021606,0.6159432530403137,0.5693851113319397,0.45090997219085693,0.40438252687454224,0.7343651652336121,0.4791924059391022
71,27.95773196220398,2.862971067428589,25.09476089477539,0.21729505062103271,0.8380025962988535,1.0,0.21724441223327962,0.02,36.78286514605861,0.9564761519432068,1.0,1.0,0.9959751963615417,0.9866659641265869,0.990301251411438,0.9742442965507507,1.0,0.9614046216011047,1.0,0.9920848608016968,0.9979256391525269,0.9354829788208008,0.9971250295639038,0.9368946552276611,1.0,0.816311240196228,0.704190731048584,1.0,0.7432079911231995,0.21729505062103271,0.987302839756012,0.9466087818145752,0.7210386395454407,0.6248260140419006,0.5738853216171265,0.45427078008651733,0.4052513539791107,0.7388973236083984,0.4824111759662628
72,27.88474400838216,2.7446683247884116,25.14007568359375,0.2048548012971878,0.8387901330987613,1.0,0.2170646843366436,0.02,53.28753506799694,0.9565139412879944,1.0,1.0,0.9935076832771301,0.9841042160987854,0.985079824924469,0.9720525741577148,0.9983747601509094,0.9634304046630859,0.9997231960296631,0.9939000606536865,0.9967545866966248,0.934242308139801,0.9981058239936829,0.9373081922531128,1.0,0.8225073218345642,0.7097758054733276,1.0,0.7475500106811523,0.2048548012971878,0.98490971326828,0.9521071314811707,0.7278157472610474,0.63252854347229,0.5787580013275146,0.45709457993507385,0.4054983854293823,0.7415598630905151,0.485646516084671
73,28.31800373395284,3.154299815495809,25.16370391845703,0.19373981654644012,0.8393233542641004,1.0,0.2168594119372227,0.02,39.82350114104338,0.9578049182891846,1.0,1.0,0.9922100305557251,0.9817373752593994,0.9816775918006897,0.9721140265464783,0.996721625328064,0.9652389287948608,1.0,0.9944655895233154,0.9941712021827698,0.9332101941108704,0.9967749714851379,0.9367993474006653,1.0,0.8269652724266052,0.714546263217926,1.0,0.7510561943054199,0.19373981654644012,0.9811837077140808,0.9550471901893616,0.7322085499763489,0.639211118221283,0.584441065788269,0.4597579836845398,0.40525469183921814,0.7440874576568604,0.4892755150794983
74,28.974297841389973,3.7945988972981772,25.179698944091797,0.18391954898834229,0.8398551166057586,1.0,0.21580258686366766,0.02,39.918783726985566,0.9580408930778503,0.9995858669281006,1.0,0.9911085963249207,0.9790375828742981,0.9783210754394531,0.9735150933265686,0.9936854839324951,0.9664809703826904,0.9972177147865295,0.9931467175483704,0.9904524087905884,0.9325355291366577,0.9936363101005554,0.9347387552261353,1.0,0.8312156200408936,0.7193474173545837,1.0,0.7554534673690796,0.18391954898834229,0.977601170539856,0.9578330516815186,0.7359623312950134,0.6472024917602539,0.591701090335846,0.465151846408844,0.4083346724510193,0.7468706369400024,0.4935571551322937
75,27.749813556671143,2.554159641265869,25.195653915405273,0.17389731109142303,0.8400421763459841,1.0,0.21530122329888904,0.02,41.57684845395852,0.9581614136695862,0.9983054399490356,1.0,0.9930461049079895,0.979773998260498,0.9789407849311829,0.9797264337539673,0.9891132712364197,0.9676350951194763,0.9926862716674805,0.9903468489646912,0.9862250089645386,0.9301513433456421,0.9890045523643494,0.93186354637146,1.0,0.834355890750885,0.7227954268455505,1.0,0.7587903738021851,0.17389731109142303,0.9724247455596924,0.9596898555755615,0.7393226623535156,0.6546518802642822,0.5970212817192078,0.4683018624782562,0.40987423062324524,0.7476339936256409,0.4975256621837616
76,27.906586011250813,2.705320676167806,25.201265335083008,0.16346432268619537,0.8395048116644224,1.0,0.21464249134811267,0.02,37.80347669404,0.9580100774765015,0.9945096373558044,0.9992645978927612,0.9939556121826172,0.9798862934112549,0.9801487326622009,0.9875988364219666,0.9839878082275391,0.9655129313468933,0.9866291284561157,0.9866428375244141,0.9805124998092651,0.9254218339920044,0.9827938079833984,0.9268540143966675,1.0,0.8356561064720154,0.7248930335044861,1.0,0.7605923414230347,0.16346432268619537,0.9670179486274719,0.961978018283844,0.7432312965393066,0.6616697907447815,0.6033976078033447,0.47117260098457336,0.4110618233680725,0.7479447722434998,0.5013360381126404
77,28.714295943578083,3.5291534264882407,25.185142517089844,0.15670020878314972,0.8388168677687645,1.0,0.21342564292886193,0.02,44.496176137938164,0.9566511511802673,0.991154134273529,0.9992616772651672,0.9966683387756348,0.9812490344047546,0.982604444026947,0.9935804009437561,0.9792671799659729,0.9627965092658997,0.979645848274231,0.981610119342804,0.974357545375824,0.9196539521217346,0.9760920405387878,0.9213767051696777,1.0,0.8361992835998535,0.7267814874649048,1.0,0.7611290812492371,0.15670020878314972,0.9615786075592041,0.9605048298835754,0.7443082332611084,0.6665264964103699,0.6112379431724548,0.4754088819026947,0.41341325640678406,0.7485987544059753,0.5061498880386353
78,28.516939481099445,3.3524344762166343,25.164505004882812,0.1503830850124359,0.8384030997753144,1.0,0.21234321816519588,0.02,49.59731736499816,0.9573616981506348,0.985861599445343,0.9964431524276733,0.9988993406295776,0.9839707612991333,0.9851413369178772,0.9973459839820862,0.9745431542396545,0.962830126285553,0.9750263094902039,0.9777854681015015,0.9688897132873535,0.915176272392273,0.9703306555747986,0.9187895059585571,1.0,0.8399950861930847,0.7294836044311523,1.0,0.7610731720924377,0.1503830850124359,0.9561293125152588,0.9582515358924866,0.7437887191772461,0.6699884533882141,0.6186919808387756,0.4798645079135895,0.416157066822052,0.7486250996589661,0.51126629114151
79,28.04951047897339,2.89741849899292,25.15209197998047,0.1447681188583374,0.8372625013192495,1.0,0.21087985456747388,0.02,36.09659286402166,0.956038773059845,0.9806950688362122,0.9933807253837585,0.9998779296875,0.9853835701942444,0.9871003031730652,0.9990161061286926,0.969595193862915,0.960658848285675,0.969969630241394,0.9729243516921997,0.9624757766723633,0.9088733792304993,0.9633121490478516,0.9137561321258545,1.0,0.842001736164093,0.7302645444869995,1.0,0.7600589990615845,0.1447681188583374,0.951450765132904,0.9549034833908081,0.742983877658844,0.6730623245239258,0.625572144985199,0.4837810695171356,0.41999003291130066,0.7486365437507629,0.5173434615135193
80,28.12919084231059,3.011316696802775,25.117874145507812,0.1397830843925476,0.8360434810320536,1.0,0.20947123944579904,0.02,41.80882990302052,0.9538868069648743,0.9813336730003357,0.9921980500221252,1.0,0.9875909090042114,0.9881121516227722,1.0,0.9640612006187439,0.9569529891014099,0.964555561542511,0.9684801697731018,0.9567300081253052,0.9022623300552368,0.9550415277481079,0.9068400263786316,1.0,0.8444355726242065,0.7307233810424805,1.0,0.7590035200119019,0.1397830843925476,0.9477500915527344,0.9505828022956848,0.7419392466545105,0.6742333173751831,0.631237804889679,0.48761236667633057,0.4252544045448303,0.7471502423286438,0.523553192615509
81,30.035080432891846,4.9537739753723145,25.08130645751953,0.1393101066350937,0.8363456860184669,1.0,0.20739245622678026,0.02,39.56960789603181,0.9529738426208496,0.9814170598983765,0.9900084733963013,1.0,0.9884017109870911,0.9886082410812378,0.9986947774887085,0.9597789645195007,0.9579541087150574,0.96126788854599,0.9676631093025208,0.9548423886299133,0.900107741355896,0.9506254196166992,0.9039132595062256,1.0,0.8499946594238281,0.734909176826477,1.0,0.7602030634880066,0.1393101066350937,0.9439234137535095,0.9451603293418884,0.739738404750824,0.6778388023376465,0.6398767828941345,0.49470651149749756,0.432550847530365,0.7460717558860779,0.529829740524292
82,27.55415431658427,2.463784138361613,25.090370178222656,0.1376827508211136,0.8358497117956479,1.0,0.20573738590325955,0.02,37.75946729304269,0.9514411687850952,0.9800357222557068,0.9886264801025391,1.0,0.9880868196487427,0.9883634448051453,0.996837854385376,0.9562025666236877,0.9584193825721741,0.9600847959518433,0.9663712382316589,0.9524376392364502,0.8976279497146606,0.9455180168151855,0.8997175097465515,1.0,0.8531330227851868,0.7369862198829651,1.0,0.7591758370399475,0.1376827508211136,0.9393065571784973,0.9384174346923828,0.7361451387405396,0.679817795753479,0.646136462688446,0.5002484917640686,0.43873974680900574,0.7441409230232239,0.5357903838157654
83,28.02484671274821,2.9493538538614907,25.07549285888672,0.13525600731372833,0.83551577180624,1.0,0.2045334893414318,0.02,43.23814655398019,0.9491458535194397,0.9799349904060364,0.9882349967956543,1.0,0.9881121516227722,0.9893393516540527,0.9944804310798645,0.953591525554657,0.9615187644958496,0.9590673446655273,0.965810239315033,0.9516284465789795,0.8956452012062073,0.9417905807495117,0.8953839540481567,1.0,0.8546929955482483,0.7382528185844421,1.0,0.7569702863693237,0.13525600731372833,0.9347220659255981,0.9316408634185791,0.7331249713897705,0.6816990971565247,0.6503963470458984,0.5048643946647644,0.4451896548271179,0.7436072826385498,0.541372537612915
84,28.47407031059265,3.4085967540740967,25.065473556518555,0.13226042687892914,0.8361508503556252,1.0,0.20407726121368244,0.02,43.63410126196686,0.9479419589042664,0.9820843935012817,0.9888411164283752,1.0,0.9890207648277283,0.9907895922660828,0.9930301308631897,0.9555554986000061,0.9657116532325745,0.9595746397972107,0.9670605063438416,0.9546406269073486,0.8962156772613525,0.9392879605293274,0.8945048451423645,1.0,0.8592027425765991,0.7403653264045715,1.0,0.7555511593818665,0.13226042687892914,0.9302589297294617,0.9269731044769287,0.730488121509552,0.6834040284156799,0.6537269353866577,0.5089257955551147,0.451648473739624,0.7418805360794067,0.5455805659294128
85,28.243650833765667,3.159124771753947,25.08452606201172,0.13167822360992432,0.8366451273361842,1.0,0.2036865535460549,0.02,40.02624904795084,0.9431524276733398,0.9850384593009949,0.9934815168380737,0.9983941912651062,0.9892650246620178,0.9979999661445618,0.9920743107795715,0.9534597396850586,0.9691007733345032,0.9592300653457642,0.9677148461341858,0.9572877883911133,0.8973543643951416,0.9389946460723877,0.8954979181289673,1.0,0.8636508584022522,0.7401461005210876,1.0,0.7528496384620667,0.13167822360992432,0.9252651929855347,0.9208080768585205,0.7267837524414062,0.6839190125465393,0.6562811136245728,0.511593222618103,0.45715609192848206,0.7417892217636108,0.5493872761726379
86,28.467878182729084,3.3685243924458823,25.099353790283203,0.13248801231384277,0.8371565202871959,1.0,0.20321036160858022,0.02,42.476476626005024,0.9395383596420288,0.988398551940918,0.9970892071723938,0.9975236058235168,0.9909707307815552,1.0,0.9920770525932312,0.9532970786094666,0.9718639254570007,0.9600183367729187,0.9697502851486206,0.9602710604667664,0.8990734219551086,0.9379644989967346,0.8946877717971802,1.0,0.8671675324440002,0.7397518754005432,1.0,0.749487042427063,0.13248801231384277,0.9220789074897766,0.9140279293060303,0.7225294709205627,0.6852978467941284,0.6586164236068726,0.5142226815223694,0.4626861810684204,0.7403478622436523,0.5534699559211731
87,27.65362556775411,2.538929065068563,25.114696502685547,0.13275128602981567,0.8369610587755839,1.0,0.20308422696060352,0.02,39.508043301990256,0.935710072517395,0.9911263585090637,0.9991684556007385,0.9966153502464294,0.9912585616111755,1.0,0.9934161901473999,0.9540024399757385,0.9740399718284607,0.9630641341209412,0.9711406230926514,0.9634065628051758,0.8991084694862366,0.9373838901519775,0.8928482532501221,1.0,0.8678063750267029,0.7381191849708557,1.0,0.7446618676185608,0.13275128602981567,0.9180533289909363,0.9068493843078613,0.7181339859962463,0.6859033107757568,0.658542275428772,0.5153557062149048,0.4667958617210388,0.7371228933334351,0.5564469695091248
88,27.78507912158966,2.676247715950012,25.10883140563965,0.1328761875629425,0.8364018867413203,1.0,0.2033562996290907,0.02,41.647891048924066,0.9295632839202881,0.9936859607696533,1.0,0.9954450130462646,0.9908852577209473,1.0,0.9945821166038513,0.9556798934936523,0.9767619967460632,0.9658450484275818,0.9734209179878235,0.9676733016967773,0.8976718187332153,0.937908411026001,0.8913053274154663,1.0,0.8680232167243958,0.73637855052948,1.0,0.7394130825996399,0.1328761875629425,0.9151938557624817,0.9000163674354553,0.7128711342811584,0.6855669617652893,0.6562636494636536,0.5152489542961121,0.4691171646118164,0.7321218252182007,0.5585373044013977
89,28.004554986953735,2.912498712539673,25.092056274414062,0.13452668488025665,0.8355748370289803,1.0,0.2036070239433653,0.02,40.946446924936026,0.9232428073883057,0.9951558709144592,1.0,0.9924981594085693,0.9897536039352417,1.0,0.9948036074638367,0.9564468264579773,0.9781076908111572,0.9688407182693481,0.9750560522079468,0.9718961715698242,0.8957535624504089,0.9397960901260376,0.8906945586204529,1.0,0.8678884506225586,0.7343205809593201,1.0,0.7339706420898438,0.13452668488025665,0.9180909395217896,0.8916279077529907,0.7067968845367432,0.6843345165252686,0.6523464322090149,0.5139411091804504,0.4707421362400055,0.7264630794525146,0.5601500272750854
90,27.70907171567281,2.6418262322743735,25.067245483398438,0.1343543529510498,0.8342272569735845,1.0,0.2041276271296129,0.02,38.002533613936976,0.9172928929328918,0.9970841407775879,1.0,0.9900050163269043,0.9869174957275391,0.9995061755180359,0.9935166835784912,0.9589830636978149,0.9781655669212341,0.9713475704193115,0.9763839840888977,0.974563717842102,0.8934681415557861,0.9401053786277771,0.889181911945343,1.0,0.8654090166091919,0.7324855327606201,1.0,0.7284626960754395,0.1343543529510498,0.9215503931045532,0.88285231590271,0.7008932828903198,0.6822965741157532,0.6470057964324951,0.512022852897644,0.4716850221157074,0.7204539775848389,0.5608241558074951
91,27.81202749411265,2.7852101723353067,25.026817321777344,0.13283541798591614,0.8321868240833282,1.0,0.20424937142210936,0.02,37.682426549028605,0.9110141396522522,0.9973542094230652,0.9988370537757874,0.9878072738647461,0.9829988479614258,0.9973418712615967,0.990309476852417,0.9608390927314758,0.9762565493583679,0.9738842248916626,0.9762224555015564,0.9754754304885864,0.8892375230789185,0.9385433197021484,0.8856438398361206,1.0,0.8610584139823914,0.7294389009475708,1.0,0.7237841486930847,0.13283541798591614,0.923348069190979,0.8730372786521912,0.6944730877876282,0.6785240769386292,0.6413363814353943,0.5097899436950684,0.4733411967754364,0.7186393737792969,0.564233124256134
92,28.234447240829468,3.2688405513763428,24.965606689453125,0.13089421391487122,0.8303486734628678,1.0,0.20418402623528464,0.02,35.94554990599863,0.9094586968421936,0.996453046798706,0.9948450922966003,0.9874621033668518,0.9809156060218811,0.9958573579788208,0.9898792505264282,0.9625850319862366,0.9732346534729004,0.9744293689727783,0.9745051264762878,0.9748186469078064,0.8833051919937134,0.9354922771453857,0.8809586763381958,1.0,0.8568277955055237,0.7248088121414185,1.0,0.7198681235313416,0.13089421391487122,0.926581621170044,0.8630034327507019,0.692664384841919,0.6734130382537842,0.6366714239120483,0.5074037313461304,0.4761338233947754,0.7195104360580444,0.5684792399406433
93,28.852250893910725,3.941789468129476,24.91046142578125,0.12974658608436584,0.8301719625790914,1.0,0.20466898681841503,0.02,35.785836133989505,0.9119482040405273,0.9943921566009521,0.9893835186958313,0.9895071387290955,0.9811084270477295,0.9964910745620728,0.9920666813850403,0.967484712600708,0.9733841419219971,0.977885365486145,0.9763397574424744,0.9760280847549438,0.8813261389732361,0.9362426996231079,0.8796359300613403,1.0,0.8535327315330505,0.7208736538887024,1.0,0.7171071171760559,0.12974658608436584,0.9332426190376282,0.8545480370521545,0.6914395689964294,0.6698450446128845,0.6338983178138733,0.5057291984558105,0.47940942645072937,0.721525251865387,0.5710372924804688
94,28.256877024968464,3.351718028386434,24.90515899658203,0.12928873300552368,0.8305342038472493,1.0,0.2057130683431294,0.02,35.78874732099939,0.9188012480735779,0.9948136210441589,0.98118656873703,0.9977859854698181,0.9775658249855042,1.0,0.9976547360420227,0.9763424396514893,0.9712561368942261,0.9823017120361328,0.9779025316238403,0.9767009615898132,0.8811230063438416,0.9374043941497803,0.8788065314292908,1.0,0.8494799137115479,0.7178795337677002,1.0,0.7135521173477173,0.12928873300552368,0.9406741857528687,0.8488020300865173,0.6913605332374573,0.6666677594184875,0.6296471953392029,0.5035697221755981,0.48144882917404175,0.7219763398170471,0.5720335245132446
95,27.42448103427887,2.5084539651870728,24.916027069091797,0.12844376266002655,0.8295672312378883,1.0,0.20662690937074232,0.02,35.937494957935996,0.9232027530670166,0.9944069981575012,0.9741390943527222,1.0,0.9725187420845032,1.0,1.0,0.9838194847106934,0.967356264591217,0.9857087731361389,0.9779565334320068,0.9769331812858582,0.8794063329696655,0.9384130239486694,0.8773085474967957,1.0,0.8434115052223206,0.7128348350524902,1.0,0.7080740928649902,0.12844376266002655,0.9479231238365173,0.8415578603744507,0.6904438734054565,0.6618880033493042,0.6236823797225952,0.5000175833702087,0.4824092388153076,0.7227352261543274,0.5724257230758667
96,29.078752120335896,4.191735823949178,24.88701629638672,0.1282748281955719,0.8298993508021036,1.0,0.20687442892058405,0.02,35.828682454070076,0.9266447424888611,0.9940009713172913,0.9701184034347534,1.0,0.970372200012207,1.0,1.0,0.9890171885490417,0.9628424048423767,0.9881567358970642,0.9756876230239868,0.9814625382423401,0.8785684108734131,0.9420104026794434,0.879719078540802,1.0,0.8392329812049866,0.7109546661376953,1.0,0.7068401575088501,0.1282748281955719,0.9562308192253113,0.8375975489616394,0.6945653557777405,0.6613165140151978,0.6207482814788818,0.5000898241996765,0.4838768541812897,0.7267869114875793,0.5718650817871094
97,28.77014621098836,3.8731659253438315,24.89698028564453,0.12763544917106628,0.8307294636964798,1.0,0.20772867197944386,0.02,35.78939716995228,0.9302685856819153,0.9948223829269409,0.9680700302124023,1.0,0.9691577553749084,1.0,1.0,0.9914553761482239,0.9585335850715637,0.9912851452827454,0.9746093153953552,0.9873494505882263,0.8807427883148193,0.9498641490936279,0.8863699436187744,1.0,0.8385154008865356,0.7117360234260559,1.0,0.7055307626724243,0.12763544917106628,0.964694082736969,0.8347550630569458,0.697382926940918,0.6613854765892029,0.6162492632865906,0.4997001588344574,0.4832954704761505,0.7286710143089294,0.569804310798645
98,29.303200324376423,4.38131578763326,24.921884536743164,0.13197016716003418,0.8318585505088171,1.0,0.20828433326547088,0.02,35.92533787002321,0.9335691928863525,0.9950350522994995,0.9714385271072388,1.0,0.9690185785293579,1.0,0.9984211325645447,0.9927050471305847,0.9572352170944214,0.9914934039115906,0.9740065336227417,0.9918610453605652,0.885503888130188,0.95835280418396,0.8930559754371643,1.0,0.8411444425582886,0.7134491801261902,1.0,0.7076131701469421,0.13197016716003418,0.9736873507499695,0.8300436735153198,0.6978733539581299,0.6618258953094482,0.611914873123169,0.498489648103714,0.48204511404037476,0.728477418422699,0.5655258297920227
99,28.194698254267376,3.2389411131540933,24.95575714111328,0.1367311179637909,0.8327557007471721,1.0,0.20859032159001442,0.02,35.83870352897793,0.9374508857727051,0.9949547052383423,0.9766665101051331,1.0,0.9722781181335449,1.0,0.9955655336380005,0.9908869862556458,0.9554996490478516,0.9913656711578369,0.9709436297416687,0.994973361492157,0.8890523314476013,0.964347243309021,0.8977643251419067,1.0,0.8420803546905518,0.7146127820014954,1.0,0.7096474766731262,0.1367311179637909,0.9828412532806396,0.8265706896781921,0.7002493739128113,0.6610040068626404,0.6085681319236755,0.4965732991695404,0.48137521743774414,0.7285177707672119,0.5621505975723267
100,28.40626033147176,3.4235905011494956,24.982669830322266,0.13983938097953796,0.8339764575163523,1.0,0.2089637375943107,0.02,35.80865002202336,0.9442856907844543,0.9920355677604675,0.9840383529663086,1.0,0.9792057275772095,1.0,0.9915285706520081,0.990016758441925,0.9568927884101868,0.9895451068878174,0.9676926136016846,0.9986613392829895,0.8938148617744446,0.9699466228485107,0.9026836156845093,1.0,0.8426041603088379,0.7169830799102783,1.0,0.7117952704429626,0.13983938097953796,0.9878025650978088,0.8250686526298523,0.702314019203186,0.6619353890419006,0.606876790523529,0.494971364736557,0.4810541868209839,0.7279567122459412,0.5597445368766785
101,27.479302088419598,2.460007349650065,25.01929473876953,0.14032229781150818,0.8344796448945999,1.0,0.20964317304462396,0.02,35.98486607009545,0.9509559869766235,0.9890249371528625,0.9922776222229004,1.0,0.9866560101509094,1.0,0.9883726835250854,0.9881594181060791,0.9568743705749512,0.985550045967102,0.9638507962226868,1.0,0.8966527581214905,0.9738537669181824,0.9072626829147339,1.0,0.8429020643234253,0.7170911431312561,1.0,0.7118339538574219,0.14032229781150818,0.9910945892333984,0.824626624584198,0.7037020325660706,0.6619623899459839,0.6051368713378906,0.49395179748535156,0.47999054193496704,0.7259045839309692,0.5563793778419495
102,28.85684068997701,3.822451194127401,25.03438949584961,0.14030909538269043,0.8354259570439656,1.0,0.20992116685309944,0.02,35.81676201894879,0.9579138159751892,0.9866214394569397,0.9993159770965576,0.9994994401931763,0.9904537796974182,1.0,0.9838353395462036,0.9860312938690186,0.9587945938110352,0.9780756235122681,0.9596384167671204,1.0,0.9026695489883423,0.979637086391449,0.9130026698112488,1.0,0.8450853824615479,0.72136390209198,1.0,0.7146481871604919,0.14030909538269043,0.9934648275375366,0.8275523781776428,0.705776572227478,0.6642661690711975,0.6058149337768555,0.4947848320007324,0.4785252809524536,0.7236391305923462,0.55205899477005
103,28.41214648882548,3.3493680159250894,25.06277847290039,0.1385083943605423,0.8359367196758588,1.0,0.2092145835658263,0.02,35.97103200701531,0.9621542096138,0.9832448959350586,1.0,0.9971293807029724,0.9926327466964722,1.0,0.9792031049728394,0.9832682609558105,0.9597387909889221,0.970306932926178,0.9540097117424011,0.9998276233673096,0.9059410095214844,0.982146143913269,0.9150305986404419,1.0,0.8456093072891235,0.7253869771957397,1.0,0.7207095623016357,0.1385083943605423,0.9916268587112427,0.8337693810462952,0.7101590633392334,0.6677876710891724,0.6097059845924377,0.49765530228614807,0.4789564907550812,0.7252244353294373,0.5483687520027161
104,27.985322793324787,2.9072206815083823,25.078102111816406,0.1356426179409027,0.8363449066877365,1.0,0.20881481081488543,0.02,35.811448037973605,0.9658308029174805,0.9801962375640869,1.0,0.994469404220581,0.9933044910430908,0.9987897872924805,0.9776366353034973,0.9804999828338623,0.9596054553985596,0.9644501209259033,0.9483820796012878,0.9991735816001892,0.9081749320030212,0.9843171834945679,0.9173704385757446,1.0,0.8468229174613953,0.7298734784126282,1.0,0.7273558378219604,0.1356426179409027,0.9883973002433777,0.8419004678726196,0.7169204354286194,0.6717825531959534,0.6123936772346497,0.4992351531982422,0.47729313373565674,0.727061927318573,0.5434665679931641
105,27.569021383921307,2.4786740938822427,25.090347290039062,0.1318824589252472,0.8359201123317083,1.0,0.2086462332746121,0.02,35.819686132948846,0.9681850075721741,0.9779285192489624,1.0,0.9914832711219788,0.9937210083007812,0.9963963031768799,0.978164792060852,0.9780493378639221,0.9591052532196045,0.9582663774490356,0.9426105618476868,0.9968615770339966,0.9079350233078003,0.9842555522918701,0.9180762767791748,1.0,0.8457114100456238,0.7319633364677429,1.0,0.7308529019355774,0.1318824589252472,0.9843370914459229,0.8486653566360474,0.7218965888023376,0.6727696061134338,0.6147395372390747,0.49997174739837646,0.4743507504463196,0.7296082377433777,0.5398154854774475
106,28.491041739781696,3.4134393533070884,25.07760238647461,0.12831233441829681,0.8363909021019935,1.0,0.20870610314302768,0.02,36.04854692297522,0.9675524234771729,0.9731991291046143,0.9999241232872009,0.9900016188621521,0.9950347542762756,0.995452880859375,0.9816160798072815,0.9753261804580688,0.9612314701080322,0.9563919305801392,0.9429147839546204,0.9967634677886963,0.9069699645042419,0.9851425886154175,0.9193112254142761,1.0,0.846552312374115,0.734805703163147,1.0,0.7363066077232361,0.12831233441829681,0.9820885062217712,0.8547288775444031,0.726521909236908,0.6735683083534241,0.6183612942695618,0.5010497570037842,0.47179651260375977,0.7338362336158752,0.53696608543396
107,28.01586651802063,2.924138307571411,25.09172821044922,0.12334436178207397,0.8368074019749959,1.0,0.20906031888320056,0.02,35.90850698889699,0.9645549654960632,0.97226482629776,1.0,0.9914955496788025,0.9945587515830994,0.9917676448822021,0.9858199954032898,0.9758082032203674,0.9659695625305176,0.9560604691505432,0.9442190527915955,0.9959716796875,0.9075136780738831,0.9833986163139343,0.9194167852401733,1.0,0.8466719388961792,0.7364072203636169,1.0,0.7415832281112671,0.12334436178207397,0.978732168674469,0.8600448966026306,0.7296321988105774,0.6739439368247986,0.6204293370246887,0.5016200542449951,0.47111743688583374,0.7374715805053711,0.534403920173645
108,27.984829743703205,2.880608399709066,25.10422134399414,0.11757811158895493,0.8370144166052341,1.0,0.20959900211930924,0.02,35.83373734797351,0.9627339839935303,0.9723342061042786,0.9987490773200989,0.9951682090759277,0.9940418004989624,0.9881945252418518,0.9910771250724792,0.975683867931366,0.9698567390441895,0.9568573832511902,0.944356381893158,0.9937722682952881,0.9076266288757324,0.9800539612770081,0.9186711311340332,1.0,0.8462206125259399,0.738762617111206,1.0,0.7467902302742004,0.11757811158895493,0.9743167757987976,0.8660485744476318,0.7320324182510376,0.674112856388092,0.6220946907997131,0.501430094242096,0.47028490900993347,0.7402911186218262,0.531292200088501
109,28.069507996241253,2.9590744177500405,25.11043357849121,0.1129552498459816,0.8371725502113502,1.0,0.2103773974608811,0.02,35.93977308203466,0.9617418646812439,0.9712888598442078,0.9963948130607605,1.0,0.9913811683654785,0.9840086698532104,0.9971938729286194,0.9767749309539795,0.9730080366134644,0.9597128033638,0.9487701058387756,0.9922007322311401,0.908904492855072,0.9772337079048157,0.9174246191978455,1.0,0.8455676436424255,0.7404821515083313,1.0,0.7502231001853943,0.1129552498459816,0.9709616303443909,0.870242178440094,0.7339436411857605,0.6746941804885864,0.6220954060554504,0.5006955862045288,0.46877357363700867,0.7407984137535095,0.5277050733566284
110,28.781739950180054,3.666562795639038,25.115177154541016,0.11154944449663162,0.837946272144715,1.0,0.21091480807018562,0.02,35.78424739604816,0.9602766036987305,0.9749484062194824,0.995974600315094,1.0,0.9871701002120972,0.980288565158844,1.0,0.9788105487823486,0.9746269583702087,0.9666590094566345,0.9553884863853455,0.9911142587661743,0.9121708869934082,0.975175142288208,0.9189271330833435,1.0,0.8486820459365845,0.7429614067077637,1.0,0.7526298761367798,0.11154944449663162,0.9681729078292847,0.8755542039871216,0.7352636456489563,0.6763179302215576,0.6245290040969849,0.4992462396621704,0.4666786193847656,0.7410520911216736,0.5242200493812561
111,28.165011922518413,3.026624242464701,25.13838768005371,0.10919768363237381,0.838906164218982,1.0,0.21188723620104996,0.02,35.84979612904135,0.9600556492805481,0.9794341325759888,0.9972435235977173,1.0,0.9845295548439026,0.9768531918525696,1.0,0.9826509356498718,0.9778977632522583,0.9723003506660461,0.9598780274391174,0.9897641539573669,0.9157291650772095,0.9731462001800537,0.9222359657287598,1.0,0.8522087931632996,0.7474074959754944,1.0,0.756850004196167,0.10919768363237381,0.9667577147483826,0.8819470405578613,0.7374943494796753,0.6783379316329956,0.6244655847549438,0.4959251582622528,0.463530957698822,0.7403164505958557,0.521027147769928
112,28.86499011516571,3.6978052854537964,25.167184829711914,0.10748957097530365,0.8404900724689166,1.0,0.21230812251197007,0.02,24.00791384896729,0.9626449346542358,0.9839730262756348,0.9979241490364075,1.0,0.9790816307067871,0.9745715260505676,1.0,0.9859415888786316,0.9793286323547363,0.975268542766571,0.9654914736747742,0.9889072179794312,0.9204588532447815,0.9708619117736816,0.9254841208457947,1.0,0.8563718199729919,0.7554318308830261,1.0,0.7637680172920227,0.10748957097530365,0.964340329170227,0.8914040923118591,0.7435992956161499,0.6843242049217224,0.6240281462669373,0.4947291612625122,0.46233707666397095,0.7390180826187134,0.5179229378700256
113,27.268142640590668,2.053440034389496,25.214702606201172,0.10382899641990662,0.8410028944412867,1.0,0.21321281655606233,0.02,23.8597359029809,0.9631888270378113,0.9877661466598511,0.9995277523994446,1.0,0.9760513305664062,0.9775357246398926,1.0,0.9873493909835815,0.9780951738357544,0.9774858355522156,0.9688851833343506,0.9871170520782471,0.9220209717750549,0.9666744470596313,0.9250674843788147,1.0,0.8582609295845032,0.7597182393074036,1.0,0.7676894664764404,0.10382899641990662,0.9624065160751343,0.8992907404899597,0.7489252686500549,0.6880956888198853,0.6223987936973572,0.49233341217041016,0.4585837721824646,0.7363033294677734,0.5154863595962524
114,29.135947227478027,3.90585994720459,25.230087280273438,0.10548797994852066,0.8421126686036586,1.0,0.2133502357289201,0.02,23.892487224075012,0.9660447835922241,0.9892435073852539,0.9979334473609924,1.0,0.9737218618392944,0.9814225435256958,1.0,0.9886889457702637,0.9747564196586609,0.9778487086296082,0.9721350073814392,0.9841046333312988,0.9252413511276245,0.9617692232131958,0.9267559051513672,1.0,0.8634850978851318,0.7667551040649414,1.0,0.7755974531173706,0.10548797994852066,0.9663316607475281,0.9064026474952698,0.7550477981567383,0.6925216913223267,0.6195024847984314,0.48994559049606323,0.4571017324924469,0.7325977683067322,0.5129367113113403
115,28.25320291519165,2.9898247718811035,25.263378143310547,0.10556481778621674,0.8431909595926602,1.0,0.21387587587015885,0.02,23.8809583990369,0.9650173783302307,0.9889911413192749,0.9950939416885376,1.0,0.9692938327789307,0.9864515066146851,1.0,0.9907945990562439,0.9698496460914612,0.9767656326293945,0.9791008830070496,0.9857565760612488,0.9302347302436829,0.9562835097312927,0.9294458031654358,1.0,0.8695360422134399,0.7748737931251526,1.0,0.7831042408943176,0.10556481778621674,0.9699229001998901,0.9147782921791077,0.7614490985870361,0.6973124146461487,0.6171372532844543,0.48792144656181335,0.45389237999916077,0.7282893657684326,0.5088675618171692
116,27.629767656326294,2.334040880203247,25.295726776123047,0.10343687236309052,0.8430956706404686,1.0,0.2140968340845398,0.02,24.03678301803302,0.9611202478408813,0.9888774156570435,0.9935122728347778,1.0,0.9653100371360779,0.9911084175109863,1.0,0.9906848073005676,0.9646498560905457,0.9742919206619263,0.9836326241493225,0.9848182201385498,0.931522011756897,0.9492962956428528,0.9293268918991089,1.0,0.8718409538269043,0.7796998023986816,1.0,0.7874794602394104,0.10343687236309052,0.9701424241065979,0.9192027449607849,0.7676846981048584,0.6987970471382141,0.6168228983879089,0.4864238500595093,0.4521982967853546,0.7240346074104309,0.5069554448127747
117,28.362037241458893,3.069167673587799,25.292869567871094,0.10189198702573776,0.8434962816536427,1.0,0.21442333884774056,0.02,23.879536318941973,0.9574867486953735,0.9924889206886292,0.9943963885307312,1.0,0.9615908861160278,0.9965140223503113,1.0,0.9872384667396545,0.9648171067237854,0.9721622467041016,0.9876501560211182,0.9834044575691223,0.9334110021591187,0.9430696964263916,0.9298647046089172,1.0,0.8741644024848938,0.7842358350753784,1.0,0.7917453646659851,0.10189198702573776,0.9700585007667542,0.9251415133476257,0.7734765410423279,0.7020916938781738,0.6166753172874451,0.48500296473503113,0.45044946670532227,0.719728946685791,0.506131112575531
118,28.691583514213562,3.386693835258484,25.304889678955078,0.10273812711238861,0.8444538121422132,1.0,0.21426811907149176,0.02,23.877325993962586,0.9542207717895508,0.995586097240448,0.9961003661155701,1.0,0.9655232429504395,1.0,1.0,0.9841085076332092,0.9641201496124268,0.9729950428009033,0.9896267056465149,0.9796565175056458,0.9316310882568359,0.9382274150848389,0.9312375783920288,1.0,0.8752997517585754,0.7890989780426025,1.0,0.7948980927467346,0.10273812711238861,0.9744494557380676,0.9313967823982239,0.7804818153381348,0.7079293727874756,0.6171561479568481,0.4849764406681061,0.4518304467201233,0.7139718532562256,0.5063536167144775
119,28.149120688438416,2.815506339073181,25.333614349365234,0.1034807413816452,0.8448128496607145,1.0,0.214057603142444,0.02,23.878365878015757,0.949284017086029,0.9961016178131104,0.9968399405479431,1.0,0.970302164554596,1.0,1.0,0.9789625406265259,0.9607418179512024,0.969813346862793,0.9894313812255859,0.9784703850746155,0.9292032718658447,0.939985454082489,0.9349837899208069,1.0,0.877278208732605,0.7943034172058105,1.0,0.7970138192176819,0.1034807413816452,0.9761686325073242,0.9377313852310181,0.7836890816688538,0.7115125060081482,0.6162614226341248,0.48503103852272034,0.4517779052257538,0.7085774540901184,0.5074401497840881
120,28.094499230384827,2.7501121759414673,25.34438705444336,0.10517891496419907,0.8440749950706958,1.0,0.21371736185885554,0.02,23.87238612701185,0.9427248239517212,0.994525671005249,0.9975778460502625,1.0,0.9745249152183533,1.0,1.0,0.9730037450790405,0.9585128426551819,0.9643499851226807,0.9887516498565674,0.9762752056121826,0.9250552654266357,0.9399788975715637,0.9380330443382263,1.0,0.8777972459793091,0.7972627878189087,1.0,0.7960957288742065,0.10517891496419907,0.9774616956710815,0.9400180578231812,0.781096875667572,0.7124819159507751,0.6147636771202087,0.4841128885746002,0.4514599144458771,0.70216304063797,0.5090432167053223
121,28.8664528131485,3.544202446937561,25.322250366210938,0.10587262362241745,0.8442246365050475,1.0,0.21295371609140062,0.02,24.042702186037786,0.9454097151756287,0.9874914288520813,0.9955381751060486,1.0,0.9801444411277771,1.0,1.0,0.972907304763794,0.9589034914970398,0.9628368616104126,0.9854980111122131,0.9736724495887756,0.9238486289978027,0.9404791593551636,0.9411308765411377,1.0,0.8787499070167542,0.8005685210227966,1.0,0.7948657274246216,0.10587262362241745,0.9754911661148071,0.9425013065338135,0.776896595954895,0.7129703760147095,0.6178792119026184,0.48832812905311584,0.45243263244628906,0.6995239853858948,0.5127983689308167
122,27.253026127815247,1.9262858629226685,25.326740264892578,0.10394782572984695,0.8427914860347907,1.0,0.21316666182041988,0.02,23.926363121019676,0.9470228552818298,0.9799133539199829,0.9935376048088074,1.0,0.984536349773407,1.0,0.9992181062698364,0.9716917872428894,0.9598357081413269,0.9593539834022522,0.9822492003440857,0.9708644151687622,0.9207507371902466,0.9398768544197083,0.9413226842880249,1.0,0.878403902053833,0.8004266023635864,1.0,0.7912580966949463,0.10394782572984695,0.9713388681411743,0.9425457715988159,0.7709174156188965,0.709812343120575,0.6178849339485168,0.4878459572792053,0.4491720199584961,0.6969496607780457,0.5130675435066223
123,28.47476875782013,3.1910239458084106,25.28374481201172,0.10470425337553024,0.841384831815958,1.0,0.21248800552028904,0.02,23.928174856933765,0.9486135840415955,0.9733099937438965,0.9911983609199524,1.0,0.988011360168457,1.0,0.9971813559532166,0.9707390666007996,0.9619659185409546,0.9573196768760681,0.9777573347091675,0.9672863483428955,0.9161810874938965,0.9386268258094788,0.9393315315246582,1.0,0.8750432133674622,0.7992638945579529,1.0,0.7864262461662292,0.10470425337553024,0.9662573337554932,0.942829430103302,0.7637203335762024,0.7095372676849365,0.6157973408699036,0.4874984920024872,0.4496048390865326,0.6939936876296997,0.5193461775779724
124,28.703351974487305,3.4618053436279297,25.241546630859375,0.10593248158693314,0.8412292105456193,1.0,0.21199714051459437,0.02,23.922243227949366,0.9508020281791687,0.9729092121124268,0.9876750111579895,0.9988933801651001,0.9902892112731934,0.99952632188797,0.994878351688385,0.9715046882629395,0.9667299389839172,0.9585056304931641,0.9715294241905212,0.9661773443222046,0.9146974682807922,0.9403567314147949,0.9391871094703674,1.0,0.8769404292106628,0.8021512627601624,1.0,0.7839573621749878,0.10593248158693314,0.9637380242347717,0.9428602457046509,0.7588978409767151,0.7096685767173767,0.6129041314125061,0.4888100326061249,0.4511069357395172,0.6920145153999329,0.5242326259613037
125,27.344626367092133,2.1077508330345154,25.236875534057617,0.10497570782899857,0.8396575989822547,1.0,0.2114518592389607,0.02,24.022442073910497,0.9519681930541992,0.9707632660865784,0.983161449432373,0.99617999792099,0.9909547567367554,0.9983092546463013,0.9915212988853455,0.970767617225647,0.9684982299804688,0.9582007527351379,0.9645217061042786,0.9634214639663696,0.9100928902626038,0.9403964877128601,0.9359033107757568,1.0,0.8764376640319824,0.8020133376121521,1.0,0.7793883681297302,0.10497570782899857,0.960982620716095,0.9403039216995239,0.7522043585777283,0.7077528834342957,0.6107761263847351,0.48867368698120117,0.4506579041481018,0.6903561949729919,0.5305445194244385
126,28.938052892684937,3.7483251094818115,25.189727783203125,0.10452374070882797,0.8398930110037327,1.0,0.21143042987811936,0.02,23.8901442050701,0.956814706325531,0.9686688780784607,0.9766202569007874,0.9956718683242798,0.9883816838264465,0.9952635765075684,0.9921514391899109,0.9760872721672058,0.9761613011360168,0.9570295214653015,0.9679210782051086,0.9640890955924988,0.9124937653541565,0.9423874020576477,0.9395991563796997,1.0,0.8785797953605652,0.8059962391853333,1.0,0.7771217823028564,0.10452374070882797,0.9565870761871338,0.9373063445091248,0.7447415590286255,0.7058712244033813,0.6099548935890198,0.4900011420249939,0.4514339864253998,0.6898680925369263,0.5354634523391724
127,27.916260719299316,2.7194700241088867,25.19679069519043,0.10383327305316925,0.8395501638452212,1.0,0.21141413587357197,0.02,23.864366186084226,0.9606797695159912,0.9665926098823547,0.97298663854599,0.9943726658821106,0.9838199615478516,0.9933286905288696,0.9933227300643921,0.9810684323310852,0.9815600514411926,0.9567159414291382,0.9701047539710999,0.9628824591636658,0.9124346971511841,0.9442622065544128,0.9412016272544861,1.0,0.8790521025657654,0.80866938829422,1.0,0.7737842202186584,0.10383327305316925,0.9514505863189697,0.9335801005363464,0.736090362071991,0.7034114003181458,0.6086524128913879,0.49153774976730347,0.45242518186569214,0.6900352239608765,0.5386496782302856
128,27.418064653873444,2.2315602898597717,25.186504364013672,0.10155319422483444,0.8385872560242812,1.0,0.21217793844712274,0.02,23.879189334926195,0.9625748991966248,0.9662891030311584,0.9719183444976807,0.9945905208587646,0.9800800085067749,0.9942562580108643,0.9940233826637268,0.9850517511367798,0.9846514463424683,0.9554983973503113,0.9703822731971741,0.9627413153648376,0.9106359481811523,0.9453721046447754,0.9409520626068115,1.0,0.878322422504425,0.8093585968017578,1.0,0.7693372368812561,0.10155319422483444,0.9471649527549744,0.9298606514930725,0.7274994254112244,0.6985046863555908,0.6041809916496277,0.48928722739219666,0.45044729113578796,0.6913973689079285,0.5416858196258545
129,28.419337153434753,3.261719584465027,25.157617568969727,0.10145127028226852,0.8379145748913288,1.0,0.2130904379780991,0.02,24.024842563085258,0.9630771279335022,0.9664762616157532,0.9738434553146362,0.9952086210250854,0.9803190231323242,0.9962647557258606,0.9958245754241943,0.9868271946907043,0.9859102368354797,0.956730306148529,0.9696268439292908,0.9646127223968506,0.9076780676841736,0.9466130137443542,0.9409101009368896,1.0,0.8787024617195129,0.8113204836845398,1.0,0.7674400806427002,0.10145127028226852,0.9421140551567078,0.9273006319999695,0.7192456126213074,0.6945152878761292,0.5979663729667664,0.4865642189979553,0.44852301478385925,0.6900486946105957,0.5423227548599243
130,27.846532344818115,2.709094524383545,25.13743782043457,0.10116123408079147,0.8364861436188221,1.0,0.21363627262002366,0.02,23.864112759009004,0.9615780711174011,0.9674273133277893,0.977870523929596,0.9945213794708252,0.9807490110397339,0.9957548379898071,0.9961457252502441,0.987714409828186,0.9851729273796082,0.9573791027069092,0.968239426612854,0.9646976590156555,0.9034358859062195,0.9454605579376221,0.9390973448753357,1.0,0.8765421509742737,0.811259388923645,1.0,0.7639604210853577,0.10116123408079147,0.9380439519882202,0.9225993752479553,0.710121750831604,0.6900504231452942,0.5916501879692078,0.4841354191303253,0.4485940933227539,0.6882867217063904,0.5429350137710571
131,27.120104372501373,2.0255208611488342,25.09458351135254,0.09788256883621216,0.8340827027956644,1.0,0.21477741514363483,0.02,23.86110732506495,0.9589552879333496,0.9669701457023621,0.9838835000991821,0.9930546879768372,0.9824450016021729,0.9964208006858826,0.9981876611709595,0.9864616990089417,0.9834638833999634,0.9566243290901184,0.9666638374328613,0.9620071649551392,0.899034857749939,0.9423226714134216,0.9356728196144104,1.0,0.8723787665367126,0.8089548945426941,1.0,0.7581978440284729,0.09788256883621216,0.9315913319587708,0.9169495701789856,0.7016202807426453,0.6849052906036377,0.5849735140800476,0.4799940288066864,0.44489654898643494,0.6847149133682251,0.5432531833648682
132,28.492423176765442,3.469941258430481,25.02248191833496,0.09686380624771118,0.8318542351325353,1.0,0.21543272078913578,0.02,23.855756837991066,0.9558123350143433,0.9677954316139221,0.9892972707748413,0.9897682070732117,0.9833692908287048,0.9931645393371582,0.9948396682739258,0.984105110168457,0.9805030822753906,0.9579964876174927,0.9657775163650513,0.9604413509368896,0.8975082039833069,0.9418458938598633,0.9322707653045654,1.0,0.8693209290504456,0.8070074915885925,1.0,0.7521141171455383,0.09686380624771118,0.9290928840637207,0.9100919365882874,0.6921519041061401,0.6808435916900635,0.5780235528945923,0.47691845893859863,0.4415009915828705,0.684262752532959,0.5429394841194153
133,29.497007846832275,4.541380405426025,24.95562744140625,0.10338685661554337,0.830764380345742,1.0,0.21529434842554157,0.02,23.994195426930673,0.9533509612083435,0.9715918302536011,0.9947835803031921,0.9887906312942505,0.9852511882781982,0.9906063079833984,0.9958656430244446,0.9797195792198181,0.9762583374977112,0.9629610180854797,0.9646734595298767,0.960503101348877,0.896911084651947,0.9422743320465088,0.9287581443786621,1.0,0.8662942051887512,0.806166410446167,1.0,0.7443702816963196,0.10338685661554337,0.9297799468040466,0.9012773036956787,0.6813858151435852,0.6809591054916382,0.5721309781074524,0.4737570583820343,0.44127121567726135,0.6880285143852234,0.5418245196342468
134,28.193466663360596,3.2705349922180176,24.922931671142578,0.10980814695358276,0.8303227573633194,1.0,0.21577623482723227,0.02,23.881493691005744,0.9528083801269531,0.9781023859977722,1.0,0.9907598495483398,0.9890133142471313,0.9924757480621338,1.0,0.9763105511665344,0.9716680645942688,0.9690481424331665,0.9635765552520752,0.9613471627235413,0.8960722088813782,0.9436808228492737,0.925296425819397,1.0,0.8629841208457947,0.8031685948371887,1.0,0.7381613850593567,0.10980814695358276,0.9329890012741089,0.8912433385848999,0.671319842338562,0.6794306039810181,0.5662542581558228,0.46818476915359497,0.44251134991645813,0.6930688619613647,0.5403988361358643
135,27.45473599433899,2.5450527667999268,24.909683227539062,0.11551477015018463,0.8287771378954252,1.0,0.2165002260464103,0.02,23.85852790705394,0.9514748454093933,0.9822720289230347,1.0,0.99173903465271,0.9906540513038635,0.9924244284629822,1.0,0.972594678401947,0.967693567276001,0.9753639698028564,0.9619979858398438,0.9610150456428528,0.8949294686317444,0.945019543170929,0.9215179085731506,1.0,0.8581189513206482,0.7999166250228882,1.0,0.7315707206726074,0.11551477015018463,0.9377318024635315,0.880730926990509,0.6610352993011475,0.6763686537742615,0.5573868751525879,0.46025946736335754,0.4413505792617798,0.6971325874328613,0.5375003218650818
136,28.20332646369934,3.340012788772583,24.863313674926758,0.12136657536029816,0.827417201300462,1.0,0.217373317313518,0.02,23.883659178973176,0.9484596252441406,0.9874849319458008,1.0,0.9908450245857239,0.9916883111000061,0.9914268851280212,1.0,0.9700843095779419,0.9651071429252625,0.9824646711349487,0.9609870314598083,0.9622766375541687,0.8912568688392639,0.9462693929672241,0.9180720448493958,1.0,0.8542351126670837,0.7961360216140747,1.0,0.724540114402771,0.12136657536029816,0.9452669620513916,0.871170699596405,0.656346321105957,0.6722037196159363,0.5473064184188843,0.45130935311317444,0.43947282433509827,0.7019152641296387,0.5348237752914429
137,27.71315896511078,2.8906434774398804,24.8225154876709,0.12609709799289703,0.8256777291496594,1.0,0.21761130266731055,0.02,24.016545682912692,0.9445479512214661,0.9913285374641418,1.0,0.9902420043945312,0.9915144443511963,0.9894310235977173,1.0,0.9665729403495789,0.9626161456108093,0.9873115420341492,0.9591459631919861,0.9630110263824463,0.8865428566932678,0.9448879957199097,0.9130309820175171,1.0,0.8488467931747437,0.7905714511871338,1.0,0.7162262201309204,0.12609709799289703,0.9512577652931213,0.861294686794281,0.6507172584533691,0.6660744547843933,0.5424779057502747,0.44501855969429016,0.44061747193336487,0.707916259765625,0.5330325365066528
138,28.01000666618347,3.2396743297576904,24.77033233642578,0.12841150164604187,0.8247175465027491,1.0,0.21816323645566943,0.02,23.860926585039124,0.9425407648086548,0.9957470893859863,0.9984385967254639,0.9937130212783813,0.9903769493103027,0.9861913919448853,1.0,0.9610018730163574,0.9643617272377014,0.9926167130470276,0.9560520648956299,0.9694323539733887,0.8877404928207397,0.9432405233383179,0.9063252806663513,1.0,0.8429784774780273,0.7873775362968445,1.0,0.7086402177810669,0.12841150164604187,0.9555613994598389,0.8569306135177612,0.6470452547073364,0.6602050065994263,0.5418883562088013,0.43985095620155334,0.44133469462394714,0.7135447859764099,0.5299787521362305
139,29.348582983016968,4.607057332992554,24.741525650024414,0.13151824474334717,0.8250055621067683,1.0,0.21777241818710882,0.02,23.86018072301522,0.9446117281913757,0.9937719106674194,0.9943912029266357,0.997384786605835,0.9898291230201721,0.9830339550971985,1.0,0.9605777859687805,0.9692350029945374,0.9995998740196228,0.9538360238075256,0.9751225709915161,0.8881458044052124,0.9405186176300049,0.9014935493469238,1.0,0.8381562232971191,0.7886326909065247,1.0,0.7051947712898254,0.13151824474334717,0.9593743085861206,0.8546699285507202,0.6436389684677124,0.6561941504478455,0.5464484691619873,0.44130435585975647,0.4452836513519287,0.7208648324012756,0.5273343324661255
140,27.14693534374237,2.396767497062683,24.750167846679688,0.13208352029323578,0.8240789944926897,1.0,0.21745031205024243,0.02,23.86750417004805,0.9443115592002869,0.9908351302146912,0.9904463887214661,0.9980416893959045,0.9857195615768433,0.9790120720863342,1.0,0.9613503813743591,0.9728186726570129,1.0,0.9511376023292542,0.9791051745414734,0.8880234956741333,0.9369369745254517,0.8954966068267822,1.0,0.8316537737846375,0.7869793176651001,1.0,0.7002514600753784,0.13208352029323578,0.96263188123703,0.8508915305137634,0.6399573683738708,0.6499791145324707,0.5508968234062195,0.4405127763748169,0.44831615686416626,0.7307959198951721,0.5241848826408386
141,26.94650238752365,2.224132239818573,24.722370147705078,0.13082270324230194,0.8215404585003853,1.0,0.21771725320808474,0.02,23.856075201998465,0.9417621493339539,0.9860345125198364,0.9846358299255371,0.9988139271736145,0.9809312224388123,0.9750964641571045,0.999068558216095,0.9628658294677734,0.9762539863586426,1.0,0.9472877979278564,0.9804370999336243,0.8859160542488098,0.9310119152069092,0.8876833915710449,1.0,0.8226323127746582,0.783018946647644,1.0,0.693497359752655,0.13082270324230194,0.9634526968002319,0.8459166884422302,0.6345269680023193,0.6419292092323303,0.553320586681366,0.4372193515300751,0.4480796158313751,0.734749972820282,0.5192486047744751
142,29.076268553733826,4.430055022239685,24.64621353149414,0.12956760823726654,0.8207505250970523,1.0,0.21840645428735833,0.02,24.050121377920732,0.9405884146690369,0.9828421473503113,0.9804565906524658,1.0,0.9811649918556213,0.9764193892478943,0.9991307854652405,0.9629464745521545,0.9814391732215881,0.9998887777328491,0.9448789954185486,0.9834945201873779,0.8884957432746887,0.9287617206573486,0.8847110867500305,1.0,0.8165948987007141,0.7809504866600037,1.0,0.6897613406181335,0.12956760823726654,0.9647589921951294,0.8462737798690796,0.6315389275550842,0.6398240327835083,0.554573655128479,0.4347325563430786,0.44851818680763245,0.7368155717849731,0.5133869051933289
143,27.45583474636078,2.8333181142807007,24.622516632080078,0.12765377759933472,0.81921493212382,1.0,0.2187282309160165,0.02,23.898718549055047,0.9376381039619446,0.979411244392395,0.9771432280540466,1.0,0.9809675216674805,0.9767405986785889,0.9965192079544067,0.962410032749176,0.9846605062484741,0.9981306791305542,0.9411384463310242,0.9840948581695557,0.8889853954315186,0.9253503680229187,0.8807132840156555,1.0,0.809027373790741,0.7774945497512817,1.0,0.6855344176292419,0.12765377759933472,0.9661529660224915,0.8454728722572327,0.6282945871353149,0.6370798945426941,0.557029128074646,0.43256980180740356,0.44793522357940674,0.7387229204177856,0.5095769762992859
144,29.299456238746643,4.723007798194885,24.576448440551758,0.13005578517913818,0.8187692244847615,1.0,0.21823992113216104,0.02,23.91542298696004,0.9386985898017883,0.9788798689842224,0.9734153747558594,1.0,0.9771420359611511,0.9805353283882141,0.9959484338760376,0.9665325284004211,0.9854744672775269,0.9907636046409607,0.9381239414215088,0.9876245260238647,0.8899237513542175,0.9218928813934326,0.8798062205314636,1.0,0.8049981594085693,0.7752099633216858,1.0,0.6849155426025391,0.13005578517913818,0.9681254625320435,0.8430101275444031,0.625298798084259,0.6339990496635437,0.5597288012504578,0.4339112937450409,0.4502148926258087,0.7405617833137512,0.5082855224609375
145,28.99366521835327,4.430589199066162,24.56307601928711,0.13244850933551788,0.819740924735864,1.0,0.21785295034975022,0.02,23.94602017395664,0.9409869313240051,0.9801708459854126,0.9784395694732666,0.9985817670822144,0.9744704365730286,0.9874299764633179,0.9949132800102234,0.9694271087646484,0.9856380224227905,0.9816032648086548,0.9374199509620667,0.9927285313606262,0.8921104073524475,0.9218887686729431,0.8816054463386536,1.0,0.8048993945121765,0.7753645777702332,1.0,0.6866772770881653,0.13244850933551788,0.970209002494812,0.8430125713348389,0.6267034411430359,0.6314100027084351,0.5625090003013611,0.43651559948921204,0.4523756504058838,0.7448461055755615,0.5078423023223877
146,28.249613881111145,3.6573859453201294,24.592227935791016,0.13286761939525604,0.8209613675872485,1.0,0.2169656601416799,0.02,24.005863248952664,0.9435247182846069,0.980731189250946,0.9832190275192261,0.997671365737915,0.9727352261543274,0.9944646954536438,0.9933673739433289,0.9736500382423401,0.9841541647911072,0.972598135471344,0.9372370839118958,0.9964866638183594,0.8940274119377136,0.9206559658050537,0.882269024848938,1.0,0.8041139245033264,0.7756796479225159,1.0,0.6884950995445251,0.13286761939525604,0.9704717397689819,0.8435664772987366,0.6315358877182007,0.6289033889770508,0.5679012537002563,0.44365090131759644,0.4569399356842041,0.7498217821121216,0.5081012845039368
147,28.66035747528076,4.031516075134277,24.628841400146484,0.13343532383441925,0.8230701580643653,1.0,0.21614034798676993,0.02,23.93749005999416,0.9467291831970215,0.9832448959350586,0.9876477718353271,0.9988263845443726,0.9735807180404663,1.0,0.9929793477058411,0.9814965724945068,0.9817118048667908,0.9685002565383911,0.9391034841537476,1.0,0.8955221772193909,0.9189892411231995,0.881912112236023,1.0,0.8045468330383301,0.777069091796875,1.0,0.6918756365776062,0.13343532383441925,0.9712572693824768,0.846851110458374,0.6380985379219055,0.631580650806427,0.5725118517875671,0.4517562985420227,0.4626372158527374,0.7512510418891907,0.5089899301528931
148,29.856313347816467,5.164209008216858,24.69210433959961,0.13707901537418365,0.8266075775027275,1.0,0.21493710524304133,0.02,23.91841453500092,0.9517701864242554,0.9897626042366028,0.9945511817932129,1.0,0.9764065742492676,1.0,0.9936891198158264,0.9900894165039062,0.9785463213920593,0.9651156663894653,0.9413632154464722,1.0,0.8985022306442261,0.922985315322876,0.885634183883667,1.0,0.8087730407714844,0.7783766388893127,1.0,0.6992359161376953,0.13707901537418365,0.9766436815261841,0.8542516827583313,0.6474095582962036,0.6386644244194031,0.5779951214790344,0.4603813588619232,0.47067174315452576,0.7523002624511719,0.5080288648605347
149,28.536060094833374,3.73783278465271,24.798227310180664,0.1411857306957245,0.8303259899218877,1.0,0.21345189882075535,0.02,23.90660502400715,0.9570072889328003,0.9949861168861389,0.9961206316947937,1.0,0.9809471368789673,1.0,0.9977266788482666,0.9965795874595642,0.9778405427932739,0.9592581391334534,0.945982813835144,1.0,0.901462972164154,0.9279366135597229,0.8897842168807983,1.0,0.8165367245674133,0.7768833041191101,1.0,0.706795871257782,0.1411857306957245,0.9825572967529297,0.8602616190910339,0.6569579839706421,0.6456179022789001,0.5864545106887817,0.4702353775501251,0.47994473576545715,0.754207968711853,0.506507933139801
150,28.648040413856506,3.7382599115371704,24.909780502319336,0.145589217543602,0.8341845775643985,1.0,0.2116424035721784,0.02,23.975112534943037,0.9627254605293274,0.998654305934906,0.9969891905784607,1.0,0.9833148121833801,1.0,1.0,1.0,0.9813668131828308,0.954677939414978,0.9523636102676392,1.0,0.9059120416641235,0.9329491853713989,0.8962950706481934,1.0,0.8239828944206238,0.7765721678733826,1.0,0.7150091528892517,0.145589217543602,0.9854254126548767,0.8658419251441956,0.6658027768135071,0.6524612903594971,0.5960126519203186,0.4820437729358673,0.4900314211845398,0.7554832696914673,0.5060329437255859
151,29.042619466781616,4.017080068588257,25.02553939819336,0.14977918565273285,0.8384556358059247,1.0,0.20959755083682086,0.02,23.870320648071356,0.9675336480140686,1.0,0.996891975402832,1.0,0.9850406646728516,1.0,1.0,1.0,0.9887716174125671,0.9512906074523926,0.9580572843551636,1.0,0.9120426177978516,0.9406765103340149,0.9051831960678101,1.0,0.8326727747917175,0.7795809507369995,1.0,0.7246372699737549,0.14977918565273285,0.98825603723526,0.8723505735397339,0.6737823486328125,0.6605591177940369,0.605647623538971,0.49464544653892517,0.5004885196685791,0.758865237236023,0.5069158673286438
152,27.55984389781952,2.4061745405197144,25.153669357299805,0.15135310590267181,0.8420455430944761,1.0,0.20845059360578577,0.02,23.85604569897987,0.9714910387992859,1.0,0.99671471118927,1.0,0.9885172247886658,1.0,1.0,1.0,0.995903491973877,0.9489717483520508,0.9631652235984802,1.0,0.9184711575508118,0.947425901889801,0.9137636423110962,1.0,0.839179515838623,0.7827089428901672,1.0,0.7323894500732422,0.15135310590267181,0.9914568066596985,0.8793981671333313,0.6824272871017456,0.6668709516525269,0.6125836968421936,0.5039878487586975,0.5079942345619202,0.7593591809272766,0.5072329640388489
153,27.760188817977905,2.4988229274749756,25.26136589050293,0.1524568796157837,0.844516787926356,1.0,0.20716601012087293,0.02,23.84831255103927,0.9741523265838623,1.0,0.9958605766296387,1.0,0.9907440543174744,1.0,0.9995157718658447,1.0,0.9995251893997192,0.9463555812835693,0.9653641581535339,1.0,0.9222963452339172,0.9510493874549866,0.9196103811264038,1.0,0.8429574370384216,0.7834109663963318,1.0,0.738689661026001,0.1524568796157837,0.9934611320495605,0.8851520419120789,0.6903800964355469,0.672770082950592,0.6162082552909851,0.512420654296875,0.5157461166381836,0.7577363848686218,0.5096401572227478
154,28.137677788734436,2.8021732568740845,25.33550453186035,0.15437625348567963,0.8464390789469083,1.0,0.2059510427701164,0.02,23.844100015005097,0.9749354720115662,1.0,0.9944832921028137,1.0,0.9914840459823608,0.999532163143158,0.9976786375045776,1.0,1.0,0.945888340473175,0.9684311747550964,1.0,0.9242050051689148,0.9543711543083191,0.9251724481582642,1.0,0.845552384853363,0.7857500314712524,1.0,0.7447086572647095,0.15437625348567963,0.9956532120704651,0.8900425434112549,0.6984853148460388,0.6796271800994873,0.6175197958946228,0.5196269750595093,0.5219588279724121,0.7532884478569031,0.5104010105133057
155,28.05081021785736,2.657638907432556,25.393171310424805,0.15467651188373566,0.8479846522212029,1.0,0.20482454694499214,0.02,24.023463179008104,0.973521888256073,1.0,0.994625985622406,1.0,0.9902297854423523,1.0,0.9967325329780579,0.9983702301979065,1.0,0.9444234371185303,0.9701783061027527,1.0,0.9258055090904236,0.957696259021759,0.9296687841415405,1.0,0.8467233180999756,0.7869181632995605,1.0,0.7502854466438293,0.15467651188373566,0.9957991242408752,0.8952924013137817,0.7074200510978699,0.685884952545166,0.6186292767524719,0.5264934301376343,0.5248268842697144,0.7518522143363953,0.5134850740432739
156,27.6859872341156,2.246448278427124,25.439538955688477,0.15550638735294342,0.8479015534122785,1.0,0.20393098653116,0.02,23.860185475088656,0.970674455165863,0.9994552135467529,0.9947153925895691,1.0,0.9868209362030029,0.9995626211166382,0.9949765801429749,0.9951678514480591,0.9985547661781311,0.9415215253829956,0.9697089791297913,0.9990278482437134,0.9261088371276855,0.9586520791053772,0.9322751760482788,1.0,0.846714198589325,0.7864245772361755,1.0,0.7528116106987,0.15550638735294342,0.9930424690246582,0.8971600532531738,0.7142377495765686,0.6888598203659058,0.6172203421592712,0.530267596244812,0.5241158604621887,0.7481226921081543,0.5153409838676453
157,28.423131823539734,2.9860857725143433,25.43704605102539,0.1591276079416275,0.847536510725816,1.0,0.20283724975724748,0.02,23.858127243001945,0.9676267504692078,0.9995118379592896,0.9939277768135071,1.0,0.9816238284111023,1.0,0.9965205788612366,0.9920293688774109,0.9960920810699463,0.9407846927642822,0.9685960412025452,0.9947596788406372,0.924619197845459,0.9577080011367798,0.9333654046058655,1.0,0.8470994830131531,0.7865543365478516,1.0,0.755225658416748,0.1591276079416275,0.9895695447921753,0.8985077738761902,0.7211997509002686,0.6936480402946472,0.6147076487541199,0.5334436297416687,0.5226259231567383,0.7424444556236267,0.5147762298583984
158,28.717904210090637,3.291808247566223,25.426095962524414,0.16443012654781342,0.8477330798904101,1.0,0.20196394417533434,0.02,23.840178980026394,0.9638826251029968,0.9983843564987183,0.9932670593261719,1.0,0.9779998660087585,1.0,0.9983823895454407,0.9881197214126587,0.9938960671424866,0.9417887926101685,0.9667294025421143,0.9934678673744202,0.9273130297660828,0.9591740369796753,0.9359637498855591,1.0,0.8511047959327698,0.7876242399215698,1.0,0.7590693831443787,0.16443012654781342,0.9843481183052063,0.9006173014640808,0.7306967377662659,0.6972135305404663,0.6129137277603149,0.5347549319267273,0.519235372543335,0.7405816912651062,0.5110334753990173
159,27.518189072608948,2.0861974954605103,25.431991577148438,0.1672993302345276,0.8465604643026988,1.0,0.20122635824521307,0.02,23.958233484998345,0.9609597325325012,0.9945058822631836,0.9909653663635254,1.0,0.9763070344924927,1.0,0.996245265007019,0.983784019947052,0.9913530349731445,0.9430147409439087,0.963415265083313,0.9899201989173889,0.9268503785133362,0.9579819440841675,0.9358943104743958,1.0,0.8525140285491943,0.7862986922264099,1.0,0.7609609961509705,0.1672993302345276,0.9770877361297607,0.900862991809845,0.7358132004737854,0.6986078023910522,0.6107648611068726,0.5342010855674744,0.5143064856529236,0.7368590235710144,0.5100405216217041
160,27.384081423282623,1.9872670769691467,25.396814346313477,0.16836175322532654,0.8440622438987097,1.0,0.2006793992348415,0.02,23.859202177030966,0.9580806493759155,0.9896145462989807,0.9876911640167236,1.0,0.9749610424041748,0.9992668032646179,0.9944519996643066,0.9783966541290283,0.9869275689125061,0.9429318904876709,0.9584869146347046,0.9846091270446777,0.9241781234741211,0.9545830488204956,0.9333688616752625,1.0,0.8510513305664062,0.7820413708686829,1.0,0.759847104549408,0.16836175322532654,0.968455970287323,0.8984776139259338,0.7373638153076172,0.6970144510269165,0.6063565015792847,0.530877411365509,0.5079519748687744,0.7346318364143372,0.511887788772583
161,27.390867590904236,2.0690006017684937,25.321866989135742,0.16989701986312866,0.8402558426062267,1.0,0.20012784929930308,0.02,23.848306720959954,0.953541100025177,0.9845970869064331,0.9844358563423157,1.0,0.9729166626930237,0.9971879720687866,0.9918912649154663,0.9716045260429382,0.9807192087173462,0.9413217306137085,0.9522141218185425,0.9774531722068787,0.9195914268493652,0.9492262005805969,0.9285526871681213,1.0,0.8475518226623535,0.7750851511955261,1.0,0.7554077506065369,0.16989701986312866,0.9594932198524475,0.8936448693275452,0.7366275191307068,0.6934518814086914,0.6017470359802246,0.5248405933380127,0.5000811815261841,0.7305607795715332,0.5140334367752075
162,27.321482300758362,2.113808274269104,25.207674026489258,0.16898570954799652,0.8354157174626986,1.0,0.2002906794138058,0.02,23.872608815901913,0.9492106437683105,0.979569673538208,0.9816940426826477,0.9986563324928284,0.9705855846405029,0.9951567649841309,0.9887847304344177,0.9642611742019653,0.9733584523200989,0.9402040839195251,0.9462977647781372,0.9695855379104614,0.9141837358474731,0.9427235722541809,0.9226513504981995,1.0,0.8426470756530762,0.7668546438217163,1.0,0.7494929432868958,0.16898570954799652,0.9486570954322815,0.8870704174041748,0.7338340282440186,0.6879881024360657,0.5955783128738403,0.5169097185134888,0.49023279547691345,0.7237412333488464,0.5135560035705566
163,28.72145140171051,3.6589800119400024,25.062471389770508,0.16793866455554962,0.8317315513888995,1.0,0.20057859134334727,0.02,24.018539755023085,0.9454032182693481,0.9754109382629395,0.9785807132720947,0.997517466545105,0.968383252620697,0.99251389503479,0.9868241548538208,0.9597522616386414,0.9694244861602783,0.9435913562774658,0.9420403242111206,0.9650094509124756,0.9114010334014893,0.9357560276985168,0.9156771898269653,0.9978154301643372,0.8379185795783997,0.7636253833770752,1.0,0.7449894547462463,0.16793866455554962,0.9409642815589905,0.8817371129989624,0.7333425879478455,0.6838412880897522,0.5911698937416077,0.5103675723075867,0.48063287138938904,0.7172025442123413,0.5131151080131531
164,27.67236042022705,2.720414161682129,24.951946258544922,0.16503819823265076,0.8283241262038549,1.0,0.20119201114396484,0.02,23.851428410038352,0.9407554268836975,0.9716876149177551,0.9767342209815979,0.9954148530960083,0.9685453772544861,0.991642951965332,0.9861488342285156,0.9544588923454285,0.9645240902900696,0.9475042223930359,0.9381462335586548,0.9619778990745544,0.9095010161399841,0.929684042930603,0.9083738327026367,0.9967895150184631,0.832558274269104,0.7601544857025146,1.0,0.7390546202659607,0.16503819823265076,0.9333487749099731,0.8762620091438293,0.7333574891090393,0.6787130832672119,0.5869870781898499,0.5033029913902283,0.47167664766311646,0.7129971981048584,0.5143839120864868
165,27.717514753341675,2.867792844772339,24.849721908569336,0.1615809053182602,0.8245093926787377,1.0,0.20160661782232675,0.02,23.85745254403446,0.9355026483535767,0.9686347842216492,0.9764208793640137,0.993385374546051,0.9698730111122131,0.9903568029403687,0.984086275100708,0.947268009185791,0.9590281844139099,0.9501476287841797,0.9320958852767944,0.9571125507354736,0.905722975730896,0.9220157861709595,0.8996215462684631,0.9943841695785522,0.8252414464950562,0.7549322247505188,1.0,0.7339963912963867,0.1615809053182602,0.9261229038238525,0.87095707654953,0.7336475849151611,0.6732392311096191,0.581853985786438,0.495707631111145,0.4623132646083832,0.7124278545379639,0.5176047682762146
166,26.914989590644836,2.1797066926956177,24.73528289794922,0.15640832483768463,0.8198634887735049,1.0,0.20247287906701392,0.02,23.873326378990896,0.9298650026321411,0.9700003266334534,0.9762612581253052,0.9929172396659851,0.972900390625,0.9897571802139282,0.9809515476226807,0.9406169056892395,0.9504154324531555,0.9506386518478394,0.9251792430877686,0.9510173797607422,0.8999207019805908,0.9127715826034546,0.889377236366272,0.989545464515686,0.815997302532196,0.747640073299408,1.0,0.72669517993927,0.15640832483768463,0.9176419377326965,0.8642113208770752,0.734094500541687,0.6675413250923157,0.5748237371444702,0.4866834282875061,0.45138317346572876,0.7095770835876465,0.52107173204422
167,27.788876175880432,3.192970871925354,24.595905303955078,0.1511285901069641,0.8155687640110652,1.0,0.20340434057475476,0.02,23.966814531944692,0.9248676300048828,0.9707170724868774,0.9759774804115295,0.9923781752586365,0.9739557504653931,0.9905341863632202,0.9779372811317444,0.9355884790420532,0.9425288438796997,0.9524529576301575,0.9184867739677429,0.9466328024864197,0.8939297795295715,0.9050928950309753,0.8787820339202881,0.9851267337799072,0.8069803714752197,0.7403092384338379,1.0,0.721656084060669,0.1511285901069641,0.9104645848274231,0.8576416969299316,0.7326992154121399,0.6611466407775879,0.5688318014144897,0.4788379371166229,0.44095873832702637,0.7056173086166382,0.5258018374443054
168,26.92926526069641,2.4622013568878174,24.467063903808594,0.14422228932380676,0.8108521670103073,1.0,0.20479512799915173,0.02,23.861139440909028,0.9183984994888306,0.9713672995567322,0.9758315086364746,0.9910909533500671,0.9735190272331238,0.9900925159454346,0.9777127504348755,0.9302006363868713,0.9360148310661316,0.9532177448272705,0.91179358959198,0.942945122718811,0.8869473338127136,0.8987162709236145,0.8678717017173767,0.9809063673019409,0.7975633144378662,0.7317728996276855,1.0,0.7149845957756042,0.14422228932380676,0.9039748907089233,0.8498956561088562,0.7298559546470642,0.6531309485435486,0.5612409710884094,0.47036653757095337,0.43013519048690796,0.701479434967041,0.530316174030304
169,28.84164524078369,4.516079902648926,24.325565338134766,0.1356014907360077,0.8084506899118423,1.0,0.20634541851073424,0.02,23.86478549405001,0.9142002463340759,0.9718726277351379,0.9782274961471558,0.9930821061134338,0.9738941788673401,0.9880387187004089,0.9794172048568726,0.9289970993995667,0.930958092212677,0.9583305716514587,0.9074769020080566,0.941836416721344,0.883116602897644,0.8937477469444275,0.8598300218582153,0.9819140434265137,0.7906599044799805,0.7271961569786072,1.0,0.7110956311225891,0.1356014907360077,0.8987012505531311,0.8482643365859985,0.7271374464035034,0.6463441848754883,0.5610153675079346,0.465762734413147,0.4220619797706604,0.6983090043067932,0.5364311337471008
170,27.512290477752686,3.2587695121765137,24.253520965576172,0.12594689428806305,0.806468103826046,1.0,0.20799643992825526,0.02,23.873650123015977,0.9111942052841187,0.9734602570533752,0.9814520478248596,0.9953187108039856,0.9751887321472168,0.9860848188400269,0.9806073904037476,0.9305846691131592,0.9283329844474792,0.9637444615364075,0.9050214290618896,0.9407685399055481,0.8798604607582092,0.8895123600959778,0.8509764075279236,0.9819297790527344,0.7827905416488647,0.7215935587882996,1.0,0.7053708434104919,0.12594689428806305,0.8949180841445923,0.8451256155967712,0.7247229814529419,0.6382514238357544,0.5625362396240234,0.4620925486087799,0.41653648018836975,0.6955830454826355,0.5445376038551331
171,28.292231678962708,4.098189473152161,24.194042205810547,0.11681744456291199,0.805433655778567,1.0,0.209367937805373,0.02,23.86077979800757,0.9087896943092346,0.9765875935554504,0.9862320423126221,0.9976511597633362,0.9780504107475281,0.9860652089118958,0.9807606339454651,0.9346885681152344,0.9278034567832947,0.9693830609321594,0.90157550573349,0.9388095140457153,0.8755289912223816,0.8849727511405945,0.8417831659317017,0.9829019904136658,0.775141179561615,0.7160522937774658,1.0,0.7023687958717346,0.11681744456291199,0.8928595781326294,0.8446651101112366,0.7230362892150879,0.6320945024490356,0.5646372437477112,0.46033260226249695,0.4154638350009918,0.6947658061981201,0.5531912446022034
172,28.17720651626587,4.014196872711182,24.163009643554688,0.10728292167186737,0.8053293243050575,1.0,0.2110194980743928,0.02,24.00463524600491,0.9072465300559998,0.9799456596374512,0.9925847053527832,0.9992843866348267,0.9815957546234131,0.9878494739532471,0.9811384677886963,0.9410893321037292,0.9290391206741333,0.9775255918502808,0.9010280966758728,0.9375823140144348,0.8714134693145752,0.8806685209274292,0.832935631275177,0.9840323328971863,0.7680488228797913,0.7117884159088135,1.0,0.6994662284851074,0.10728292167186737,0.893273115158081,0.8465242981910706,0.7231188416481018,0.628817617893219,0.5662787556648254,0.45886942744255066,0.41624781489372253,0.6933727860450745,0.5618312954902649
173,29.073880195617676,4.914000511169434,24.159879684448242,0.09762194752693176,0.807004236181577,1.0,0.2131493002977343,0.02,23.893882696982473,0.9053086042404175,0.9829437732696533,0.9970098733901978,1.0,0.9860227108001709,0.9911379218101501,0.98394775390625,0.9477858543395996,0.9328681826591492,0.9885039329528809,0.9036009907722473,0.9415998458862305,0.8691048622131348,0.8825411200523376,0.8276094794273376,0.9879276752471924,0.7652937173843384,0.7098647952079773,1.0,0.6974045634269714,0.09762194752693176,0.8988692164421082,0.8528857827186584,0.7262967824935913,0.6308501958847046,0.5700086951255798,0.45890024304389954,0.4156281650066376,0.6907452940940857,0.5678451061248779
174,27.655540347099304,3.4454115629196167,24.210128784179688,0.08807138353586197,0.8086466146012147,1.0,0.2153331940585944,0.02,23.92218100000173,0.9045817255973816,0.9845958352088928,1.0,1.0,0.9916166663169861,0.9937431216239929,0.9891930818557739,0.9527005553245544,0.937524139881134,0.9991011023521423,0.9064172506332397,0.9460271596908569,0.8664864897727966,0.8846330642700195,0.8242990374565125,0.9920612573623657,0.7632575035095215,0.7074093222618103,1.0,0.6946594715118408,0.08807138353586197,0.9048414826393127,0.857822597026825,0.7298722267150879,0.6320826411247253,0.574738085269928,0.4592088758945465,0.4162493050098419,0.6873409152030945,0.5708641409873962
175,29.00133502483368,4.741937518119812,24.259397506713867,0.079737588763237,0.8111750478545825,1.0,0.21764805232520607,0.02,23.94471298798453,0.9074863195419312,0.9832608699798584,1.0,1.0,0.9964866042137146,0.9976876378059387,0.9978035688400269,0.9598684310913086,0.9426061511039734,1.0,0.9128697514533997,0.9541381001472473,0.8669809103012085,0.8910973072052002,0.82509446144104,1.0,0.7652317881584167,0.7092236876487732,1.0,0.6951072812080383,0.079737588763237,0.9125536680221558,0.8638718128204346,0.7325686812400818,0.6355445384979248,0.5792961716651917,0.4607711136341095,0.41506579518318176,0.6830741763114929,0.5678250193595886
176,28.01974105834961,3.684490203857422,24.335250854492188,0.06991474330425262,0.8135645464062691,1.0,0.2188846508356866,0.02,24.07434207003098,0.9085708856582642,0.981612503528595,0.9993532299995422,1.0,0.9985814690589905,1.0,1.0,0.9670179486274719,0.94586181640625,1.0,0.9208574295043945,0.9615058898925781,0.8687446117401123,0.8973111510276794,0.8257050514221191,1.0,0.7667682766914368,0.7101096510887146,1.0,0.6951503157615662,0.06991474330425262,0.9224832057952881,0.8700737357139587,0.7364087700843811,0.6391658782958984,0.5866568684577942,0.4645518660545349,0.41794365644454956,0.6845525503158569,0.5680348873138428
177,28.76567816734314,4.358741521835327,24.406936645507812,0.06233398616313934,0.8164868339896202,1.0,0.2193114221995566,0.02,23.910789377056062,0.9100267291069031,0.9812566041946411,0.9962736964225769,1.0,0.9989404678344727,1.0,1.0,0.9745771288871765,0.9485822916030884,1.0,0.9311226606369019,0.9696868062019348,0.8721933960914612,0.9041394591331482,0.8269010782241821,1.0,0.7676692008972168,0.711980402469635,1.0,0.6969527006149292,0.06233398616313934,0.9325158596038818,0.8781023621559143,0.7409924864768982,0.646499752998352,0.5942182540893555,0.4712305963039398,0.42448949813842773,0.6865461468696594,0.5673734545707703
178,28.25400948524475,3.7594053745269775,24.494604110717773,0.055394917726516724,0.8191063930590947,1.0,0.21981818574457007,0.02,23.89746499597095,0.9102007150650024,0.9817960262298584,0.9936883449554443,1.0,0.9968791604042053,1.0,1.0,0.980859637260437,0.9494816660881042,1.0,0.9413710832595825,0.9762913584709167,0.8747421503067017,0.9102866053581238,0.8279042840003967,1.0,0.767907440662384,0.7160801887512207,1.0,0.700117826461792,0.055394917726516724,0.9437185525894165,0.8876647353172302,0.7454522252082825,0.6557923555374146,0.5999434590339661,0.4763115346431732,0.43048474192619324,0.6867983341217041,0.5640244483947754
179,30.036157965660095,5.462965369224548,24.573192596435547,0.05141637846827507,0.8222855949153502,1.0,0.2200271421358809,0.02,23.8682806979632,0.9098861813545227,0.9833458662033081,0.9911585450172424,1.0,0.9958744645118713,1.0,1.0,0.9861980676651001,0.9504102468490601,1.0,0.9512328505516052,0.9819733500480652,0.8797326683998108,0.9162304401397705,0.8314114809036255,1.0,0.7703917026519775,0.7214363813400269,1.0,0.7073555588722229,0.05141637846827507,0.9566344022750854,0.8975161910057068,0.7477948069572449,0.6653136610984802,0.6082254648208618,0.48149582743644714,0.43491727113723755,0.6889784932136536,0.5596375465393066
180,28.12682318687439,3.4582555294036865,24.668567657470703,0.052735138684511185,0.8242775476227204,1.0,0.2199803975668438,0.02,24.053787176962942,0.908868134021759,0.9839252233505249,0.988279402256012,1.0,0.9940537214279175,0.9981952905654907,0.9997050166130066,0.9912669658660889,0.9503447413444519,1.0,0.9582433104515076,0.9862796068191528,0.8832736611366272,0.9196641445159912,0.834181010723114,1.0,0.7719618082046509,0.725002646446228,1.0,0.7131750583648682,0.052735138684511185,0.9660995006561279,0.9032233953475952,0.7469526529312134,0.6733471751213074,0.613456130027771,0.4822576940059662,0.43518325686454773,0.695378839969635,0.5532729029655457
181,28.598812580108643,3.870485782623291,24.72832679748535,0.053595323115587234,0.8260725792497396,1.0,0.21955534530861512,0.02,23.86547081102617,0.910812258720398,0.9831672310829163,0.9844510555267334,0.99676513671875,0.9902451634407043,0.9962208271026611,0.9961475133895874,0.99531489610672,0.9506836533546448,1.0,0.9631987810134888,0.9886965751647949,0.8856884241104126,0.9227548241615295,0.8375721573829651,1.0,0.7749123573303223,0.7313271760940552,1.0,0.7209838628768921,0.053595323115587234,0.9766862392425537,0.9103928208351135,0.743623673915863,0.6812730431556702,0.6179788708686829,0.48432686924934387,0.43681013584136963,0.7018637657165527,0.546684741973877
182,27.548028230667114,2.7658512592315674,24.782176971435547,0.053415119647979736,0.8276416103045146,1.0,0.21986526638614948,0.02,23.849464102066122,0.9116328358650208,0.9826655983924866,0.984525203704834,0.9922450184822083,0.9874056577682495,0.997602641582489,0.9948723912239075,0.9988433122634888,0.9505636096000671,1.0,0.9684171676635742,0.9920926094055176,0.8885340690612793,0.9257780313491821,0.840581476688385,1.0,0.7778462171554565,0.7360060214996338,1.0,0.7267695069313049,0.053415119647979736,0.9855571985244751,0.9168679118156433,0.7396520972251892,0.6871533393859863,0.6206837296485901,0.48433950543403625,0.43718305230140686,0.7082840800285339,0.5397309064865112
183,29.608993649482727,4.7797452211380005,24.829248428344727,0.05701589956879616,0.8311260463049014,1.0,0.2202458800708751,0.02,23.846825403976254,0.9192319512367249,0.9818267822265625,0.9818808436393738,0.996262788772583,0.9929560422897339,1.0,0.9962634444236755,1.0,0.9511705636978149,1.0,0.9740099310874939,0.9969891905784607,0.8945976495742798,0.9324688911437988,0.8478795289993286,1.0,0.7844119668006897,0.7445886731147766,1.0,0.7345214486122131,0.05701589956879616,0.997211754322052,0.9236600399017334,0.7355995178222656,0.6958145499229431,0.621572732925415,0.4843239486217499,0.4379254877567291,0.717635452747345,0.5339623093605042
184,27.88103312253952,2.9472524523735046,24.933780670166016,0.0605359822511673,0.8335906768838565,1.0,0.22068798972693152,0.02,23.856589973904192,0.9270541667938232,0.9825541377067566,0.9809749722480774,1.0,0.9976986646652222,1.0,0.9956687092781067,1.0,0.9495822191238403,1.0,0.9803476333618164,1.0,0.9008879661560059,0.9379742741584778,0.8532238602638245,1.0,0.7902988195419312,0.7523780465126038,1.0,0.7418707013130188,0.0605359822511673,1.0,0.9306412935256958,0.7318211793899536,0.7033409476280212,0.6196617484092712,0.48307928442955017,0.43760815262794495,0.7238534688949585,0.5266640782356262
185,28.1465625166893,3.1388415694236755,25.007720947265625,0.06291627138853073,0.8356790450712045,1.0,0.22110704868016878,0.02,23.97546116099693,0.9319498538970947,0.983646035194397,0.9819509983062744,1.0,1.0,1.0,0.9944736957550049,1.0,0.9477352499961853,1.0,0.9869624376296997,1.0,0.9084802865982056,0.9463526010513306,0.8588489890098572,1.0,0.7974362969398499,0.7603570222854614,1.0,0.748395562171936,0.06291627138853073,1.0,0.9364677667617798,0.7282951474189758,0.7109441757202148,0.6175733804702759,0.4809913635253906,0.43645229935646057,0.7292417287826538,0.5209001898765564
186,28.012974619865417,2.942604899406433,25.070369720458984,0.06455093622207642,0.8374185403188069,1.0,0.22148865424372835,0.02,23.865383820957504,0.9377983212471008,0.986123263835907,0.9859623908996582,1.0,1.0,0.9973879456520081,0.9913790225982666,0.9993448853492737,0.9446640014648438,1.0,0.992173969745636,1.0,0.9165966510772705,0.9540782570838928,0.8638907074928284,1.0,0.8035727143287659,0.7674384713172913,1.0,0.7534420490264893,0.06455093622207642,1.0,0.9409236311912537,0.7255397439002991,0.717543363571167,0.6157606244087219,0.47917935252189636,0.4359534680843353,0.7334067821502686,0.5158456563949585
187,30.306479811668396,5.183925032615662,25.122554779052734,0.0713612511754036,0.8406160525977612,1.0,0.22099751030358142,0.02,23.87730161100626,0.9456496834754944,0.9922462105751038,0.9910163283348083,1.0,1.0,0.9947651028633118,0.9933891296386719,0.9981748461723328,0.9411249756813049,1.0,0.9966595768928528,1.0,0.9264554381370544,0.9636231064796448,0.8733733296394348,1.0,0.812364399433136,0.7778981924057007,1.0,0.7616629600524902,0.0713612511754036,1.0,0.9459320306777954,0.7221133708953857,0.7258204817771912,0.6157185435295105,0.4816451668739319,0.4396692216396332,0.7371090054512024,0.5107092261314392
188,28.50498402118683,3.2865010499954224,25.218482971191406,0.07768018543720245,0.8435324713587761,1.0,0.22006540881838685,0.02,23.875102982041426,0.9527443051338196,0.9956735372543335,0.9961401224136353,1.0,1.0,0.9916738867759705,0.9958010315895081,0.9942435622215271,0.939229428768158,0.9990190267562866,0.9996579885482788,1.0,0.934137225151062,0.9717037677764893,0.8826467990875244,1.0,0.8217158913612366,0.7873142957687378,1.0,0.7695837020874023,0.07768018543720245,1.0,0.9483461380004883,0.72028648853302,0.7308763861656189,0.6178935170173645,0.4845961034297943,0.4460117518901825,0.742106556892395,0.5068924427032471
189,28.178922653198242,2.8729496002197266,25.305973052978516,0.08403484523296356,0.8457245702544848,1.0,0.21922779208687299,0.02,23.985911314957775,0.9591363072395325,0.9954624176025391,0.9985865950584412,1.0,0.9994189739227295,0.9874383211135864,0.9993964433670044,0.9883716106414795,0.9402979016304016,0.9974721670150757,1.0,1.0,0.9411510825157166,0.9793068766593933,0.8924853205680847,1.0,0.8313143849372864,0.796318769454956,1.0,0.7768887281417847,0.08403484523296356,1.0,0.9495232105255127,0.715812087059021,0.7352890372276306,0.6186010837554932,0.48684290051460266,0.4511866271495819,0.7452660799026489,0.5021353363990784
190,27.84009975194931,2.4683613181114197,25.37173843383789,0.0906461626291275,0.8466742540399234,1.0,0.218379565532259,0.02,23.85039271810092,0.9636073708534241,0.9927239418029785,0.998435914516449,1.0,0.9976654052734375,0.9825120568275452,1.0,0.9815405607223511,0.9422635436058044,0.994519829750061,0.9984080791473389,1.0,0.9453493356704712,0.9858341813087463,0.9010810852050781,1.0,0.8388773202896118,0.8043757677078247,1.0,0.7821192741394043,0.0906461626291275,1.0,0.9488755464553833,0.7113876938819885,0.7385206818580627,0.6168782114982605,0.4870527982711792,0.4552871584892273,0.7456007599830627,0.49666494131088257
191,29.102206587791443,3.701978087425232,25.40022850036621,0.09723161160945892,0.8481960947314898,1.0,0.21708124747125754,0.02,23.85255707905162,0.9664754867553711,0.9877873659133911,0.9990039467811584,0.9987969398498535,0.9924481511116028,0.9783192873001099,1.0,0.9773164987564087,0.9477258920669556,0.9904832243919373,0.9978499412536621,1.0,0.9521052837371826,0.991534948348999,0.9106050729751587,1.0,0.8472017645835876,0.8127040863037109,1.0,0.7868295907974243,0.09723161160945892,1.0,0.9487501382827759,0.712356448173523,0.7424840927124023,0.6184727549552917,0.48877328634262085,0.45988526940345764,0.7471451163291931,0.4935966432094574
192,27.134929180145264,1.6890482902526855,25.445880889892578,0.10142742842435837,0.8478575803339481,1.0,0.21614066193168008,0.02,23.885081671993248,0.966212809085846,0.9832016825675964,0.9987042546272278,0.996197521686554,0.9867966771125793,0.9744549989700317,0.999059796333313,0.9705249667167664,0.9524439573287964,0.9853104948997498,0.9949164390563965,0.9998754858970642,0.9553699493408203,0.9942713975906372,0.916928231716156,1.0,0.8519958257675171,0.8175162076950073,1.0,0.7873281836509705,0.10142742842435837,0.9992009997367859,0.9453281164169312,0.709658682346344,0.7428274154663086,0.6173136830329895,0.4888712763786316,0.4623872637748718,0.7466921806335449,0.49091148376464844
193,28.332905054092407,2.89717698097229,25.435728073120117,0.10578390210866928,0.8471014964083831,1.0,0.21459521908673476,0.02,24.06861422606744,0.9641790390014648,0.9763379693031311,0.9976939558982849,0.9930548071861267,0.980870246887207,0.9692994356155396,0.9973248243331909,0.9669511318206787,0.9579837918281555,0.9791643619537354,0.9902620315551758,0.998518168926239,0.9563124775886536,0.9950519800186157,0.9211581945419312,1.0,0.8552353978157043,0.8215746879577637,1.0,0.7863985896110535,0.10578390210866928,0.9986851811408997,0.9414482712745667,0.7051230072975159,0.7433462142944336,0.6159803867340088,0.4908839762210846,0.46769291162490845,0.7458720803260803,0.490857869386673
194,28.039755940437317,2.6267119646072388,25.413043975830078,0.10876888781785965,0.8467496904234092,1.0,0.2137519334667036,0.02,23.932021694956347,0.9621376395225525,0.9738965630531311,0.9991437196731567,0.9918134808540344,0.9768690466880798,0.9702010750770569,0.9965167045593262,0.9670413732528687,0.9610458612442017,0.973881721496582,0.985464870929718,0.9975662231445312,0.9565731883049011,0.9970483183860779,0.9245529770851135,1.0,0.8571059703826904,0.8235805034637451,1.0,0.7842335104942322,0.10876888781785965,0.9987573027610779,0.9372526407241821,0.7027992606163025,0.7415803074836731,0.6126473546028137,0.4904719293117523,0.4728206396102905,0.7453902363777161,0.49332940578460693
195,27.59312254190445,2.190631926059723,25.402490615844727,0.11060061305761337,0.8453912404676278,1.0,0.2132702154630204,0.02,23.913935540942475,0.9576975107192993,0.9732073545455933,1.0,0.9896326065063477,0.9757853746414185,0.9750087857246399,0.9958998560905457,0.9652066230773926,0.9609789252281189,0.9690279364585876,0.9785849452018738,0.9949694871902466,0.9543279409408569,0.9968301653862,0.9261820316314697,1.0,0.8574471473693848,0.8223720788955688,1.0,0.7797906398773193,0.11060061305761337,0.9971405267715454,0.931391179561615,0.7017097473144531,0.7381700277328491,0.6075174808502197,0.48778465390205383,0.47627347707748413,0.7447338104248047,0.4934662878513336
196,28.64547312259674,3.283736824989319,25.361736297607422,0.11310745775699615,0.8445367172360421,1.0,0.21255610654148163,0.02,23.873870430048555,0.953929603099823,0.9777690768241882,1.0,0.9887575507164001,0.976871132850647,0.9793598055839539,0.9930868148803711,0.9657983779907227,0.9646450281143188,0.9652174115180969,0.9697471857070923,0.9915726184844971,0.9512602686882019,0.9964852333068848,0.9278379678726196,1.0,0.8596351742744446,0.8203176259994507,1.0,0.7746977806091309,0.11310745775699615,0.9955097436904907,0.9246670007705688,0.6999516487121582,0.7345280647277832,0.6050513982772827,0.48740339279174805,0.4812384843826294,0.7424002289772034,0.4952554404735565
197,27.464035868644714,2.1279343366622925,25.336101531982422,0.11409051716327667,0.8424745604395867,1.0,0.21185294613061895,0.02,23.87065148097463,0.9500325322151184,0.9811868667602539,0.9988795518875122,0.9871158599853516,0.976174533367157,0.983353316783905,0.9900809526443481,0.9652016162872314,0.9665735363960266,0.9602839946746826,0.9596377611160278,0.9867876768112183,0.9462271332740784,0.9937636852264404,0.9278210401535034,1.0,0.8592624664306641,0.8166365623474121,1.0,0.7677549719810486,0.11409051716327667,0.9924979209899902,0.9162627458572388,0.6972053050994873,0.7283973097801208,0.601277768611908,0.485445499420166,0.4849810004234314,0.7380291223526001,0.4992755651473999
198,27.779120326042175,2.504883646965027,25.27423667907715,0.11447617411613464,0.8397988905509313,1.0,0.21112570765593403,0.02,24.046673142001964,0.9458378553390503,0.984801173210144,0.9982055425643921,0.9854824542999268,0.9745736718177795,0.9852861166000366,0.9868293404579163,0.964863657951355,0.9676298499107361,0.955089807510376,0.9489198923110962,0.9813412427902222,0.9392664432525635,0.9900155067443848,0.9266355037689209,1.0,0.8584652543067932,0.8118494749069214,1.0,0.7592282295227051,0.11447617411613464,0.9883183240890503,0.9069249033927917,0.6916515231132507,0.7213075757026672,0.5980909466743469,0.4835791289806366,0.48826029896736145,0.7326506972312927,0.5043861269950867
199,27.920375168323517,2.7264092564582825,25.193965911865234,0.11376916617155075,0.8369701820115248,1.0,0.2106848994604393,0.02,23.858573307981715,0.9403772950172424,0.9882885813713074,0.9944797158241272,0.9870100617408752,0.9739781022071838,0.9878522157669067,0.9865359663963318,0.9682524800300598,0.9668344259262085,0.9512302875518799,0.9380813241004944,0.9745208621025085,0.9309691190719604,0.9847403764724731,0.9235543608665466,1.0,0.855463445186615,0.8070437908172607,1.0,0.7507238388061523,0.11376916617155075,0.9833239912986755,0.8976371884346008,0.6846717596054077,0.7143478989601135,0.5938259959220886,0.4816013276576996,0.49026551842689514,0.7300745844841003,0.509651780128479
200,27.985360026359558,2.8762558698654175,25.10910415649414,0.11190948635339737,0.8339602979520957,1.0,0.20966725873838005,0.02,23.86933335289359,0.936028778553009,0.990449070930481,0.9899647235870361,0.9866961240768433,0.9748623967170715,0.9890751242637634,0.9838957190513611,0.970274031162262,0.9671830534934998,0.9476798176765442,0.9268916845321655,0.9662685394287109,0.9211935997009277,0.977878212928772,0.9183136820793152,1.0,0.8506162166595459,0.8007238507270813,1.0,0.7410024404525757,0.11190948635339737,0.9786975979804993,0.8865875601768494,0.6805888414382935,0.7064156532287598,0.5925635695457458,0.4815618097782135,0.49381396174430847,0.7299364805221558,0.5177369117736816
201,28.977371335029602,3.958561062812805,25.018810272216797,0.11463502794504166,0.8320987664163113,1.0,0.20870965519403112,0.01964,23.84507592895534,0.9328142404556274,0.9908334612846375,0.9845369458198547,0.9858924746513367,0.9763575792312622,0.9899290204048157,0.9825664758682251,0.9714224934577942,0.9694133996963501,0.9486573338508606,0.9206410050392151,0.9605400562286377,0.9122851490974426,0.9730658531188965,0.9145818948745728,1.0,0.8471261262893677,0.7978000640869141,1.0,0.734841525554657,0.11463502794504166,0.9774213433265686,0.8787359595298767,0.6762591004371643,0.703162431716919,0.590675413608551,0.48237401247024536,0.49507489800453186,0.7288405895233154,0.5224791169166565
202,30.68554949760437,5.722586393356323,24.962963104248047,0.11954986304044724,0.8340311355888843,1.0,0.207908104121793,0.019280000000000002,24.030396630987525,0.9343695640563965,0.9906167984008789,0.9803124070167542,0.9919748902320862,0.979642391204834,0.9932693839073181,0.9867364168167114,0.9770027995109558,0.9753264784812927,0.9502800107002258,0.9220424890518188,0.9578250646591187,0.9130773544311523,0.9732285141944885,0.9163731932640076,1.0,0.8488466739654541,0.799929141998291,1.0,0.7345377206802368,0.11954986304044724,0.979277491569519,0.8786376714706421,0.6789965629577637,0.7069899439811707,0.5912295579910278,0.48769429326057434,0.5008693933486938,0.726456344127655,0.5258416533470154
203,28.39871072769165,3.3777756690979004,25.02093505859375,0.12475668638944626,0.836047857751449,1.0,0.20703061806178208,0.01892,23.858196910005063,0.933499813079834,0.9885333180427551,0.981580376625061,0.9980897903442383,0.9829326272010803,0.997316837310791,0.9917017817497253,0.9818657636642456,0.9804416298866272,0.9541818499565125,0.9216572642326355,0.9538774490356445,0.9160255193710327,0.9725054502487183,0.9171698093414307,1.0,0.84963458776474,0.80045485496521,1.0,0.7333136200904846,0.12475668638944626,0.9805131554603577,0.880311906337738,0.6808068752288818,0.709967315196991,0.5950525403022766,0.49345481395721436,0.5053273439407349,0.7263316512107849,0.5301311016082764
204,28.227688312530518,3.146252155303955,25.081436157226562,0.1278306543827057,0.8379507293303807,1.0,0.20634385065490263,0.01856,23.871779412962496,0.9320968985557556,0.9858461022377014,0.9837490320205688,1.0,0.9853478074073792,0.9987658858299255,0.9956876039505005,0.9857107400894165,0.986958384513855,0.9596837759017944,0.9243700504302979,0.9522309303283691,0.9192851781845093,0.9711925387382507,0.9189314246177673,1.0,0.8514786958694458,0.8005954027175903,1.0,0.7326861023902893,0.1278306543827057,0.9799254536628723,0.8828297257423401,0.6838616132736206,0.7132290005683899,0.5995299816131592,0.5002725720405579,0.5085446238517761,0.7254614233970642,0.53242027759552
205,28.234553337097168,3.0960302352905273,25.13852310180664,0.1315055936574936,0.8392590915163358,1.0,0.20533770595234493,0.0182,23.863027564017102,0.9313715696334839,0.9844824075698853,0.9863011240959167,1.0,0.9866812825202942,1.0,0.9994261860847473,0.9875245094299316,0.9910134673118591,0.9648979306221008,0.9264819025993347,0.9501792788505554,0.9222366809844971,0.9683851003646851,0.9196662902832031,1.0,0.8513762950897217,0.7999027371406555,1.0,0.7303381562232971,0.1315055936574936,0.9782146215438843,0.8831114172935486,0.6851586699485779,0.7157478928565979,0.6047589182853699,0.5078965425491333,0.5132924914360046,0.7237659096717834,0.534055769443512
206,27.729028940200806,2.5512564182281494,25.177772521972656,0.13353294134140015,0.8403127868970235,1.0,0.20481282783754853,0.01784,23.860848358017392,0.9304042458534241,0.9845802187919617,0.9885623455047607,1.0,0.9878327250480652,1.0,1.0,0.9888105988502502,0.9952197074890137,0.9708183407783508,0.9301150441169739,0.9516717791557312,0.9253897666931152,0.9671309590339661,0.9198049902915955,1.0,0.8500972390174866,0.7987496852874756,1.0,0.7270658612251282,0.13353294134140015,0.9760554432868958,0.8826836943626404,0.687249481678009,0.7172570824623108,0.6095148324966431,0.5123034119606018,0.516495406627655,0.7215133905410767,0.5365244150161743
207,28.592015504837036,3.3826305866241455,25.20938491821289,0.13785484433174133,0.8412272781133652,1.0,0.20369221929661913,0.01748,24.057535646948963,0.9316710829734802,0.9866766929626465,0.9912005662918091,1.0,0.9865231513977051,1.0,1.0,0.9890899658203125,0.9986463189125061,0.9759965538978577,0.9331174492835999,0.951994776725769,0.9257221221923828,0.9644556641578674,0.9187675714492798,1.0,0.8478093147277832,0.7968711853027344,1.0,0.7234846949577332,0.13785484433174133,0.9732164144515991,0.8824338316917419,0.6912180781364441,0.7183756828308105,0.6158530116081238,0.5165298581123352,0.5197677612304688,0.7180004119873047,0.541541337966919
208,28.7797030210495,3.542882800102234,25.236820220947266,0.14131204783916473,0.8422755057613055,1.0,0.20182277566019036,0.01712,23.864719463977963,0.9311540126800537,0.9884103536605835,0.9939044117927551,1.0,0.9851050972938538,0.999410092830658,0.9997608065605164,0.9865232110023499,0.9996290802955627,0.979236364364624,0.9353055357933044,0.9517481923103333,0.9247036576271057,0.9608375430107117,0.916380763053894,1.0,0.8448386192321777,0.7958078980445862,1.0,0.7212360501289368,0.14131204783916473,0.9709091186523438,0.8844841122627258,0.6960476040840149,0.7224161028862,0.6231126189231873,0.5234628915786743,0.525158703327179,0.7185233235359192,0.548846960067749
209,27.582887768745422,2.31462299823761,25.268264770507812,0.14418922364711761,0.8423301671942075,1.0,0.20011047479363514,0.01676,23.862597414990887,0.9293076395988464,0.9892364740371704,0.994927167892456,1.0,0.9822262525558472,0.9958085417747498,0.9980310797691345,0.9844192862510681,0.9984529614448547,0.9808842539787292,0.9361265897750854,0.9493374824523926,0.9229120016098022,0.9566273093223572,0.9130409359931946,1.0,0.8422842025756836,0.7953780889511108,1.0,0.7174423933029175,0.14418922364711761,0.9687302708625793,0.8853753805160522,0.7022845149040222,0.7240731716156006,0.6284146904945374,0.5273937582969666,0.5275434255599976,0.7213655710220337,0.5540923476219177
210,27.525549292564392,2.255644202232361,25.26990509033203,0.1456277221441269,0.8414306874076526,1.0,0.19876400295348085,0.016399999999999998,23.853344604023732,0.9270201921463013,0.9901674389839172,0.9946256875991821,1.0,0.9805001020431519,0.9937692284584045,0.9959521293640137,0.980742871761322,0.9958356022834778,0.9814319610595703,0.9362032413482666,0.9452534914016724,0.9196687340736389,0.9513018131256104,0.9086243510246277,0.999541163444519,0.8380536437034607,0.7931290864944458,1.0,0.712341845035553,0.1456277221441269,0.9653213620185852,0.8847109079360962,0.707755982875824,0.723953366279602,0.6338178515434265,0.5306304097175598,0.5281013250350952,0.7222843766212463,0.5565547347068787
211,27.657017588615417,2.4140976667404175,25.242919921875,0.1446339190006256,0.8399874756733576,1.0,0.19794077260639775,0.01604,23.9997636009939,0.925322949886322,0.990546703338623,0.9950369596481323,1.0,0.9800233244895935,0.9910162687301636,0.9939209222793579,0.9762161374092102,0.9922827482223511,0.982149600982666,0.9364430904388428,0.9416534304618835,0.9158241152763367,0.945815920829773,0.9035803079605103,0.9985937476158142,0.8327402472496033,0.7897171974182129,1.0,0.7062843441963196,0.1446339190006256,0.9606582522392273,0.8826470971107483,0.7119662761688232,0.7223672866821289,0.6385437846183777,0.5325443744659424,0.526904821395874,0.7233576774597168,0.5588327646255493
212,27.183024406433105,1.9834012985229492,25.199623107910156,0.14262370765209198,0.8374557649095853,1.0,0.19736749109329446,0.01568,23.90778278198559,0.9234717488288879,0.9896656274795532,0.9953042268753052,0.9991955161094666,0.97869873046875,0.9872056245803833,0.99056476354599,0.9714217782020569,0.9869228005409241,0.9808355569839478,0.9360224008560181,0.9367671608924866,0.9111517667770386,0.9393801093101501,0.8979355692863464,0.996811032295227,0.826193630695343,0.7853047847747803,1.0,0.698975145816803,0.14262370765209198,0.9555637836456299,0.8789082765579224,0.7145687937736511,0.7195470929145813,0.6419089436531067,0.5321256518363953,0.5244835019111633,0.7228968143463135,0.5592184066772461
213,27.81344884634018,2.689776360988617,25.123672485351562,0.1411297470331192,0.8351778452595074,1.0,0.19738662551666558,0.01532,23.939295865944587,0.923703670501709,0.9904325604438782,0.995316207408905,0.9992018938064575,0.9777113795280457,0.9828224778175354,0.9895914793014526,0.9668244123458862,0.9833642840385437,0.9804831147193909,0.9368332028388977,0.9328345060348511,0.907120406627655,0.9332127571105957,0.8932878971099854,0.9958330392837524,0.8200833797454834,0.780728280544281,1.0,0.6915398836135864,0.1411297470331192,0.9511216878890991,0.8751736283302307,0.7166159152984619,0.7172338366508484,0.642484724521637,0.5310877561569214,0.5207445621490479,0.7210336327552795,0.5577850341796875
214,27.977588057518005,2.922252058982849,25.055335998535156,0.13973930478096008,0.833285481731097,1.0,0.1979334820226926,0.01496,23.91702317399904,0.9246169328689575,0.9922869801521301,0.9966661930084229,0.9972527027130127,0.9804638028144836,0.9792237877845764,0.9887622594833374,0.9654792547225952,0.9775442481040955,0.9808393120765686,0.9378242492675781,0.930117130279541,0.9038089513778687,0.9258975386619568,0.888534426689148,0.996439516544342,0.815243661403656,0.7756548523902893,1.0,0.6852481961250305,0.13973930478096008,0.9481987357139587,0.87275230884552,0.7212250828742981,0.7136281132698059,0.641822874546051,0.5274831056594849,0.5150088667869568,0.7220019698143005,0.5548000931739807
215,26.96851348876953,1.9699478149414062,24.998565673828125,0.13687364757061005,0.8305468534429868,0.9993318319320679,0.1989417454144753,0.0146,24.068654921953566,0.9232902526855469,0.9930320382118225,0.997870147228241,0.9943674802780151,0.9845110774040222,0.977654218673706,0.9884759187698364,0.9640515446662903,0.9715060591697693,0.9814322590827942,0.9372606873512268,0.9266030788421631,0.899831235408783,0.9182698726654053,0.8833461403846741,0.995793342590332,0.8093757033348083,0.7692111134529114,0.9993318319320679,0.678063690662384,0.13687364757061005,0.9434741139411926,0.8689826130867004,0.7240430116653442,0.7083786725997925,0.640070378780365,0.5226216316223145,0.5077600479125977,0.720636248588562,0.5502875447273254
216,28.61771458387375,3.701309859752655,24.916404724121094,0.13830190896987915,0.8275829136371613,0.999393105506897,0.19945575181979536,0.01424,23.883540968992747,0.9216316342353821,0.9948276877403259,0.9989796280860901,0.9906960725784302,0.9870839715003967,0.9752458930015564,0.9870357513427734,0.9631075859069824,0.9646166563034058,0.9799832701683044,0.9383267760276794,0.924085259437561,0.8960819840431213,0.9111080169677734,0.877896785736084,0.9936460256576538,0.8041999936103821,0.7628953456878662,0.999393105506897,0.6723751425743103,0.13830190896987915,0.9372308254241943,0.8634673357009888,0.7237467765808105,0.7025104761123657,0.6384124755859375,0.5178187489509583,0.4998030662536621,0.718140721321106,0.5448384881019592
217,28.536215662956238,3.708727717399597,24.82748794555664,0.13964542746543884,0.8253969768683116,1.0,0.20022097591572757,0.01388,23.889076594961807,0.9218645095825195,0.994520902633667,0.9971683025360107,0.9873846173286438,0.9903319478034973,0.9724934697151184,0.9859539866447449,0.9621860384941101,0.9601826071739197,0.9804496169090271,0.9416202902793884,0.9248871207237244,0.8941268920898438,0.9056370854377747,0.873589038848877,0.9931589365005493,0.800503671169281,0.75858473777771,1.0,0.6680576205253601,0.13964542746543884,0.9330247640609741,0.8602929711341858,0.72298264503479,0.6976334452629089,0.6361603140830994,0.5144732594490051,0.49237027764320374,0.7145456671714783,0.5380791425704956
218,27.688466787338257,2.9265573024749756,24.76190948486328,0.13905726373195648,0.8234449778993924,1.0,0.20149207788544796,0.01352,23.872281356947497,0.9215613603591919,0.9940316081047058,0.9956185817718506,0.9839644432067871,0.9920749068260193,0.9696896076202393,0.9856827855110168,0.9621410369873047,0.9576994180679321,0.9828848242759705,0.9467539191246033,0.9276639819145203,0.8936298489570618,0.9022505879402161,0.8700207471847534,0.992954671382904,0.7980595231056213,0.7539812326431274,1.0,0.6638542413711548,0.13905726373195648,0.9281145930290222,0.8578205704689026,0.7216214537620544,0.6922165751457214,0.6322810053825378,0.5105359554290771,0.4852845072746277,0.7100076079368591,0.5318924784660339
219,27.878692269325256,3.1753422021865845,24.703350067138672,0.13942351937294006,0.821562060713768,1.0,0.20262701503096786,0.01316,23.872820424032398,0.9204075932502747,0.9937804341316223,0.9935174584388733,0.9808273911476135,0.9930585026741028,0.9680924415588379,0.9875158667564392,0.9613316655158997,0.9562614560127258,0.984637439250946,0.9522868394851685,0.9312114119529724,0.8920466303825378,0.8990583419799805,0.8670128583908081,0.9927569627761841,0.795221209526062,0.7486668825149536,1.0,0.6595174074172974,0.13942351937294006,0.9230942726135254,0.8544825911521912,0.719076931476593,0.6863422989845276,0.6282609701156616,0.5064327716827393,0.4789755940437317,0.7053998112678528,0.528164267539978
220,28.567469596862793,3.920607566833496,24.646862030029297,0.13962100446224213,0.8204970295230548,1.0,0.20381027741410854,0.012799999999999999,23.948301007971168,0.9206116199493408,0.9934658408164978,0.9913308620452881,0.9797942042350769,0.9933966398239136,0.9673969149589539,0.9902765154838562,0.9594901204109192,0.9565595388412476,0.9869237542152405,0.9580109119415283,0.9346814155578613,0.8910149931907654,0.8977813124656677,0.8646149635314941,0.9933773279190063,0.7932522296905518,0.7444930672645569,1.0,0.6559573411941528,0.13962100446224213,0.9227826595306396,0.8523569703102112,0.7174782752990723,0.6819523572921753,0.6238621473312378,0.5031072497367859,0.47487974166870117,0.7016249895095825,0.5248159170150757
221,28.042784452438354,3.4278743267059326,24.614910125732422,0.14010314643383026,0.8197879418730736,1.0,0.2046770935166689,0.01244,23.858647156972438,0.920304536819458,0.9927663207054138,0.9886444807052612,0.9788119196891785,0.9931458234786987,0.9670574069023132,0.9929773807525635,0.9581071138381958,0.9571769833564758,0.9883755445480347,0.9634330868721008,0.9381508827209473,0.8899511098861694,0.8974160552024841,0.8621995449066162,0.9940938949584961,0.7907353043556213,0.7403778433799744,1.0,0.652377188205719,0.14010314643383026,0.9248754382133484,0.8501041531562805,0.7169835567474365,0.6782301068305969,0.6197695136070251,0.500308632850647,0.47197505831718445,0.7017949819564819,0.5233912467956543
222,28.312063694000244,3.7184243202209473,24.593639373779297,0.14075212180614471,0.8194919630885125,1.0,0.20528686627417986,0.012079999999999999,23.855602659052238,0.9205008745193481,0.9901667237281799,0.9861875772476196,0.977921187877655,0.9927411675453186,0.9678850769996643,0.9950636029243469,0.9574882984161377,0.9579801559448242,0.9890462160110474,0.9683741331100464,0.9422433376312256,0.8888804316520691,0.8985460996627808,0.8602491021156311,0.9956883788108826,0.788916289806366,0.7379614114761353,1.0,0.6487903594970703,0.14075212180614471,0.927314817905426,0.8486126661300659,0.7166957855224609,0.6747233867645264,0.6178668737411499,0.4984714090824127,0.4700646996498108,0.7022435665130615,0.5233831405639648
223,29.399313926696777,4.8145551681518555,24.584758758544922,0.14390771090984344,0.8201213583350182,1.0,0.20584092488734035,0.01172,23.870065152063034,0.9204350113868713,0.9872764348983765,0.9861500859260559,0.9799411296844482,0.9918363094329834,0.9664755463600159,0.9967078566551208,0.9579500555992126,0.9604634642601013,0.9890276193618774,0.9747735261917114,0.9479066133499146,0.8905800580978394,0.9014780521392822,0.8615977168083191,1.0,0.789202094078064,0.7372865080833435,1.0,0.6488165855407715,0.14390771090984344,0.9307361245155334,0.8468254804611206,0.7156168222427368,0.6724103093147278,0.6159217953681946,0.49682551622390747,0.46805843710899353,0.702479362487793,0.522954523563385
224,28.707889199256897,4.104249596595764,24.603639602661133,0.14578965306282043,0.8214645753304164,1.0,0.20672658816070974,0.01136,24.000736639951356,0.920616090297699,0.9865145683288574,0.98836350440979,0.9832889437675476,0.9914509654045105,0.9676095247268677,1.0,0.9602416157722473,0.9620724320411682,0.9890634417533875,0.9800808429718018,0.9543322920799255,0.8938463926315308,0.905789852142334,0.8661374449729919,1.0,0.7911195158958435,0.736918032169342,1.0,0.6504858732223511,0.14578965306282043,0.9356259703636169,0.8474318385124207,0.7160223126411438,0.6709593534469604,0.6137747764587402,0.4949647784233093,0.46648627519607544,0.7030009627342224,0.5219500064849854
225,29.409817814826965,4.765881657600403,24.643936157226562,0.1478465497493744,0.8236567546923955,1.0,0.20749818909360648,0.011,23.844279000069946,0.9239210486412048,0.9891848564147949,0.9906741976737976,0.9877943992614746,0.9931463003158569,0.9704198837280273,1.0,0.9612534642219543,0.9633960127830505,0.9912151098251343,0.9844440817832947,0.9608278870582581,0.8983269333839417,0.910759449005127,0.8708921074867249,1.0,0.7938247919082642,0.7379169464111328,1.0,0.6540520787239075,0.1478465497493744,0.9407653212547302,0.8507439494132996,0.7184112071990967,0.6714009046554565,0.6117362976074219,0.49498745799064636,0.4659424126148224,0.7052849531173706,0.5205340385437012
226,28.289643049240112,3.579941511154175,24.709701538085938,0.14943058788776398,0.8257626776893934,1.0,0.20803547024465702,0.010639999999999998,23.83810983109288,0.926339864730835,0.9925510883331299,0.9937335252761841,0.9910213947296143,0.9938920736312866,0.9733291268348694,1.0,0.9620714783668518,0.9640293717384338,0.9921915531158447,0.9881158471107483,0.9677351117134094,0.9016712307929993,0.9154209494590759,0.8752809166908264,1.0,0.7957150936126709,0.7389305233955383,1.0,0.6578273773193359,0.14943058788776398,0.9459561705589294,0.8543713688850403,0.7207614183425903,0.6720800399780273,0.6107936501502991,0.495715469121933,0.46693286299705505,0.7073583006858826,0.5196239352226257
227,27.6158487200737,2.842968165874481,24.77288055419922,0.15014387667179108,0.8276385858654975,1.0,0.20866592668200354,0.01028,23.84629544301424,0.9283523559570312,0.9955357909202576,0.9986929297447205,0.994138240814209,0.9947937726974487,0.9778867363929749,1.0,0.9642432928085327,0.9643641114234924,0.9927759766578674,0.9891607761383057,0.972636342048645,0.9051609635353088,0.9197321534156799,0.8791218996047974,1.0,0.7970075011253357,0.7391579151153564,1.0,0.660757303237915,0.15014387667179108,0.9506440758705139,0.8567118048667908,0.7228653430938721,0.6724078059196472,0.6098785400390625,0.4962378144264221,0.4672718942165375,0.7095574736595154,0.5199208855628967
228,27.64933669567108,2.82017982006073,24.82915687561035,0.15060541033744812,0.828958930571874,1.0,0.20921034545768274,0.009919999999999998,23.858872151002288,0.9304907321929932,0.997810959815979,1.0,0.9972600340843201,0.9955716133117676,0.9816155433654785,1.0,0.9659095406532288,0.9652882814407349,0.9922220706939697,0.9901704788208008,0.9765711426734924,0.9078510999679565,0.923255205154419,0.8822551965713501,1.0,0.7972009181976318,0.7385909557342529,1.0,0.6630105972290039,0.15060541033744812,0.9548243880271912,0.8582243323326111,0.7229647636413574,0.6722169518470764,0.6101022362709045,0.496791809797287,0.4670260548591614,0.7112442255020142,0.5196933746337891
229,30.955505847930908,6.086737155914307,24.8687686920166,0.15383166074752808,0.8308966447909673,1.0,0.20916282194899735,0.009559999999999999,24.010169501998462,0.9343385100364685,0.9991248846054077,1.0,1.0,0.9962638020515442,0.9863146543502808,1.0,0.9688387513160706,0.9667763710021973,0.9908683896064758,0.9909648895263672,0.9803944826126099,0.9103155136108398,0.9270340204238892,0.8860028982162476,1.0,0.7995095252990723,0.7402498126029968,1.0,0.6671001315116882,0.15383166074752808,0.9599127173423767,0.8610524535179138,0.7225822806358337,0.6742734313011169,0.6126626133918762,0.49908146262168884,0.4680602550506592,0.7133070826530457,0.5180387496948242
230,28.449207186698914,3.5223082304000854,24.926898956298828,0.15599669516086578,0.8325742756326994,1.0,0.20866159909524135,0.0092,23.864819573936984,0.9381747245788574,0.9999163150787354,1.0,1.0,0.9955124855041504,0.9907394647598267,0.9995934963226318,0.9721511602401733,0.9676938652992249,0.9883612990379333,0.9895761609077454,0.9825355410575867,0.9126454591751099,0.9303394556045532,0.8889615535736084,1.0,0.8012943267822266,0.7408597469329834,1.0,0.6719067096710205,0.15599669516086578,0.9636244773864746,0.8643888235092163,0.724113941192627,0.6757466197013855,0.6158369779586792,0.5017163157463074,0.4705345928668976,0.7165549993515015,0.518453061580658
231,27.343217968940735,2.3659898042678833,24.97722816467285,0.1575259268283844,0.8335458060105642,1.0,0.20826640755680564,0.008839999999999999,23.879617550992407,0.9411308169364929,1.0,1.0,1.0,0.9943796396255493,0.9943338632583618,0.9981628656387329,0.9745672941207886,0.967680037021637,0.9852946996688843,0.9875118732452393,0.9835737943649292,0.9138627648353577,0.9323603510856628,0.8910360336303711,1.0,0.8020739555358887,0.7409100532531738,1.0,0.6758318543434143,0.1575259268283844,0.9668846130371094,0.8674458861351013,0.7249942421913147,0.6771325469017029,0.6172712445259094,0.5033652186393738,0.4719715416431427,0.7186964750289917,0.5183765888214111
232,27.71045631170273,2.704081952571869,25.00637435913086,0.15863098204135895,0.8341671839356423,1.0,0.20814772061977846,0.00848,23.859966860036366,0.9434256553649902,0.9998102188110352,1.0,1.0,0.9932119846343994,0.9975073337554932,0.9961397647857666,0.9769769906997681,0.9671817421913147,0.9819367527961731,0.9858975410461426,0.9847704768180847,0.9142150282859802,0.9341620802879333,0.8932430148124695,1.0,0.8033224940299988,0.7408667802810669,1.0,0.6794639825820923,0.15863098204135895,0.9697179198265076,0.8699581027030945,0.7259509563446045,0.6775769591331482,0.6172859072685242,0.503474771976471,0.47185227274894714,0.7210879921913147,0.5173478126525879
233,29.146962106227875,4.121945321559906,25.02501678466797,0.15957339107990265,0.8350058560570081,1.0,0.20828519713532007,0.008119999999999999,24.024630281957798,0.9461517930030823,0.9986772537231445,1.0,1.0,0.9922356605529785,1.0,0.9953193664550781,0.9800776839256287,0.9677577614784241,0.9806210398674011,0.9847096800804138,0.9864847660064697,0.9156675934791565,0.9365683794021606,0.8960091471672058,1.0,0.8052986264228821,0.7416154146194458,1.0,0.6826812028884888,0.15957339107990265,0.9733321070671082,0.8720682263374329,0.7269487977027893,0.678003191947937,0.6175824999809265,0.5025201439857483,0.47101640701293945,0.7223338484764099,0.5169216990470886
234,28.063866138458252,3.0136895179748535,25.0501766204834,0.1608467400074005,0.8355811953544616,1.0,0.20839095782481687,0.007759999999999998,23.909509781980887,0.949107825756073,0.9962830543518066,0.9998922348022461,1.0,0.9899527430534363,1.0,0.994273841381073,0.9842367768287659,0.968937873840332,0.9787798523902893,0.984363853931427,0.9886324405670166,0.9171165227890015,0.9387243986129761,0.8985302448272705,1.0,0.8069042563438416,0.7418765425682068,1.0,0.6859851479530334,0.1608467400074005,0.9762386679649353,0.8736569881439209,0.7269731163978577,0.6782158613204956,0.6178179979324341,0.5014815330505371,0.46991971135139465,0.7228678464889526,0.515819787979126
235,27.58677351474762,2.519337296485901,25.06743621826172,0.16155657172203064,0.8357867528994878,1.0,0.20850367096896227,0.0074,23.935966497054324,0.9512379169464111,0.9935136437416077,0.9990556836128235,1.0,0.9870265126228333,1.0,0.9927457571029663,0.9872603416442871,0.9703388214111328,0.9768573045730591,0.9835596084594727,0.9903391599655151,0.9181963801383972,0.9402846693992615,0.9005468487739563,1.0,0.8074758648872375,0.7419642806053162,1.0,0.688745379447937,0.16155657172203064,0.9791728258132935,0.874853253364563,0.7265810966491699,0.6780530214309692,0.6169273853302002,0.500229001045227,0.46890753507614136,0.723199725151062,0.5149739980697632
236,28.79780089855194,3.724200129508972,25.07360076904297,0.16187028586864471,0.8363961006204287,1.0,0.20874215502624138,0.007039999999999999,23.945444401935674,0.9537286162376404,0.9911686778068542,0.9980781078338623,1.0,0.9847274422645569,1.0,0.9916821718215942,0.9901822805404663,0.9720183610916138,0.976845383644104,0.9829134345054626,0.9928148984909058,0.9192250370979309,0.9429731965065002,0.9030723571777344,1.0,0.8089194893836975,0.7432823181152344,1.0,0.6920651793479919,0.16187028586864471,0.9828965067863464,0.877273678779602,0.7266784906387329,0.6781651377677917,0.6164502501487732,0.49945738911628723,0.468270480632782,0.7234728932380676,0.5136509537696838
237,27.489762544631958,2.3978779315948486,25.09188461303711,0.1615341603755951,0.8367260605096817,1.0,0.2091518196288788,0.0066799999999999984,23.901516626006924,0.9560083746910095,0.9899969100952148,0.997475266456604,1.0,0.9830483794212341,1.0,0.9910095930099487,0.9928088784217834,0.9733455777168274,0.9761831164360046,0.9814813733100891,0.9938827753067017,0.9199920892715454,0.9451144337654114,0.9050506353378296,1.0,0.8100388050079346,0.7439465522766113,1.0,0.6945829391479492,0.1615341603755951,0.9856469035148621,0.8797735571861267,0.7269811630249023,0.6778531074523926,0.6153355240821838,0.497941255569458,0.4665575623512268,0.7237241864204407,0.512468695640564
238,28.06881606578827,2.9670342206954956,25.101781845092773,0.1615634709596634,0.8369764809807142,1.0,0.20949586067880435,0.006319999999999999,24.054779313039035,0.9575263857841492,0.988898515701294,0.9969403743743896,1.0,0.9814216494560242,1.0,0.9905060529708862,0.9953101277351379,0.9739657640457153,0.975957453250885,0.980172872543335,0.995282769203186,0.9204916954040527,0.9470406770706177,0.9071018695831299,1.0,0.8105621337890625,0.744484007358551,1.0,0.6965117454528809,0.1615634709596634,0.9881517887115479,0.8816235065460205,0.7271398901939392,0.6781452894210815,0.6135905981063843,0.4967271089553833,0.46533119678497314,0.7234563231468201,0.5113911628723145
239,28.05388593673706,2.9445910453796387,25.109294891357422,0.16148550808429718,0.8372003987431527,1.0,0.20993620867609633,0.005959999999999998,23.876228480017744,0.9592108726501465,0.9878735542297363,0.9963526129722595,1.0,0.9795027375221252,1.0,0.9904524683952332,0.9985164403915405,0.974457859992981,0.9752473831176758,0.9794228076934814,0.9965752959251404,0.9209966063499451,0.9489980340003967,0.9092734456062317,1.0,0.8110178709030151,0.7451769709587097,1.0,0.6984301805496216,0.16148550808429718,0.9901792407035828,0.883729875087738,0.7272781133651733,0.6786843538284302,0.6114738583564758,0.49511799216270447,0.46373438835144043,0.7225733399391174,0.5102501511573792
240,28.66747009754181,3.5514575242996216,25.116012573242188,0.16216148436069489,0.8373374278346698,1.0,0.2101266506209959,0.005599999999999997,23.907387199928053,0.960659384727478,0.9873658418655396,0.9970235228538513,1.0,0.9781468510627747,1.0,0.9903716444969177,1.0,0.9749423861503601,0.9742720127105713,0.978186309337616,0.9975903630256653,0.9214668273925781,0.9497590065002441,0.9108673334121704,1.0,0.8111788034439087,0.7455348968505859,1.0,0.700408399105072,0.16216148436069489,0.9915434718132019,0.8848764896392822,0.7263249158859253,0.6788422465324402,0.6101498603820801,0.4940892457962036,0.4627995193004608,0.7216444611549377,0.5099175572395325
241,31.059297561645508,5.939174652099609,25.1201229095459,0.1641048640012741,0.837723858654499,1.0,0.20985922995898976,0.00524,23.90299012803007,0.9611923098564148,0.9868713617324829,0.9969373941421509,1.0,0.976720929145813,1.0,0.9887664318084717,1.0,0.974940299987793,0.9731017351150513,0.9771618843078613,0.9980849623680115,0.9227170348167419,0.9512256383895874,0.9135254621505737,1.0,0.8129282593727112,0.7470337152481079,1.0,0.7030600905418396,0.1641048640012741,0.9933978915214539,0.8862544894218445,0.7249420881271362,0.6799440979957581,0.6107791662216187,0.4946551024913788,0.46234211325645447,0.7218490839004517,0.5091793537139893
242,26.809461295604706,1.677745521068573,25.131715774536133,0.16526749730110168,0.8376149386167526,1.0,0.2096997382074859,0.004879999999999999,24.069757980993018,0.9610205292701721,0.98612380027771,0.9967150092124939,1.0,0.9753015041351318,1.0,0.9869942665100098,0.999426543712616,0.9742413759231567,0.9715889692306519,0.9758188724517822,0.9977813363075256,0.9232156276702881,0.951751172542572,0.9153494238853455,1.0,0.8139792084693909,0.7475838661193848,1.0,0.7048008441925049,0.16526749730110168,0.9943296313285828,0.8870600461959839,0.7235079407691956,0.680147111415863,0.611179769039154,0.49455058574676514,0.4613496661186218,0.7214759588241577,0.507887601852417
243,27.68632185459137,2.5578733682632446,25.128448486328125,0.16603560745716095,0.8373584950963656,1.0,0.20951684349749525,0.004519999999999998,23.88044922205154,0.9603941440582275,0.9855064749717712,0.9962990283966064,0.9996206164360046,0.973636269569397,1.0,0.9851149320602417,0.9986135959625244,0.9733102917671204,0.9701663255691528,0.9742358922958374,0.9971945285797119,0.9234490394592285,0.9517802596092224,0.9166347980499268,1.0,0.8143297433853149,0.7478192448616028,1.0,0.7063136696815491,0.16603560745716095,0.9947752952575684,0.8879312872886658,0.7227550148963928,0.680318295955658,0.6111667156219482,0.4942251443862915,0.4601924419403076,0.7222660779953003,0.5066701173782349
244,28.247547149658203,3.1267929077148438,25.12075424194336,0.1668042093515396,0.8371447369456291,1.0,0.2093353059303662,0.004159999999999997,23.867679639020935,0.9599335193634033,0.9855547547340393,0.9962931871414185,0.9992407560348511,0.9720224142074585,0.9994246959686279,0.9830815196037292,0.9981168508529663,0.9724270701408386,0.9686392545700073,0.9727625250816345,0.9964051246643066,0.9235218167304993,0.9520103335380554,0.9177470207214355,1.0,0.8147632479667664,0.7482256293296814,1.0,0.7078243494033813,0.1668042093515396,0.9953398108482361,0.8887360692024231,0.7225275635719299,0.6805329322814941,0.6109024882316589,0.493772953748703,0.459044486284256,0.7227010726928711,0.5059864521026611
245,27.178695559501648,2.064353823661804,25.114341735839844,0.16713260114192963,0.8367370044191679,1.0,0.2092428560341308,0.003799999999999998,23.87959626794327,0.9596166014671326,0.9853160381317139,0.9962669014930725,0.9985195994377136,0.970333456993103,0.9990038871765137,0.9814983606338501,0.9973336458206177,0.9714558720588684,0.9673914909362793,0.9713042974472046,0.9954910278320312,0.923099935054779,0.9520254731178284,0.918431282043457,1.0,0.8147673010826111,0.7481226921081543,1.0,0.7087794542312622,0.16713260114192963,0.9954567551612854,0.8891282081604004,0.7219269871711731,0.6803011894226074,0.6104548573493958,0.49295473098754883,0.4577116370201111,0.722939670085907,0.5053461790084839
246,27.246204018592834,2.1440941095352173,25.102109909057617,0.16706641018390656,0.8361863618095716,1.0,0.20918354808132675,0.0034399999999999986,23.98139839095529,0.9591140151023865,0.9845407009124756,0.9962046146392822,0.9980952143669128,0.9688880443572998,0.9982417225837708,0.9805272221565247,0.9965872764587402,0.9705029726028442,0.9663044214248657,0.9697954058647156,0.9942896366119385,0.9223063588142395,0.9516201019287109,0.9187975525856018,1.0,0.8144024014472961,0.7476207613945007,1.0,0.709247887134552,0.16706641018390656,0.995159924030304,0.8889657855033875,0.7212125658988953,0.6795960664749146,0.6100013256072998,0.4922040104866028,0.4564470052719116,0.7231637835502625,0.5046876668930054
247,28.360060811042786,3.2744704484939575,25.085590362548828,0.16697290539741516,0.8357721616824468,1.0,0.20913615468767302,0.0030799999999999994,24.083497223909944,0.9586985111236572,0.983899712562561,0.9959021210670471,0.9979546070098877,0.9679783582687378,0.997497022151947,0.979785144329071,0.9958933591842651,0.9700192213058472,0.965704619884491,0.9686837792396545,0.9932096600532532,0.9216081500053406,0.9513630270957947,0.9192225933074951,1.0,0.8142029047012329,0.7472402453422546,1.0,0.709817111492157,0.16697290539741516,0.9949491024017334,0.8887977004051208,0.7204949259757996,0.678957998752594,0.6096550822257996,0.4917219579219818,0.45569315552711487,0.7231347560882568,0.5041071176528931
248,27.791849613189697,2.7186837196350098,25.073165893554688,0.1666586995124817,0.8354736318190893,1.0,0.2091952499072016,0.00272,23.922691938001662,0.9584968686103821,0.9834545254707336,0.9954578280448914,0.9980412721633911,0.9678761959075928,0.9972836971282959,0.9795905351638794,0.995506763458252,0.9698262810707092,0.9653031229972839,0.9676523804664612,0.9924059510231018,0.9209996461868286,0.9513292908668518,0.9194837212562561,1.0,0.8140429258346558,0.7468840479850769,1.0,0.710324764251709,0.1666586995124817,0.9946632385253906,0.8887536525726318,0.7198895812034607,0.6782596707344055,0.609311580657959,0.49110567569732666,0.4549506604671478,0.7229171991348267,0.5037391781806946
249,28.39637041091919,3.3321614265441895,25.064208984375,0.16671311855316162,0.8352721681197485,1.0,0.20917869982580098,0.0023599999999999975,23.96018664096482,0.9582139849662781,0.9831952452659607,0.9953396320343018,0.998140275478363,0.9678031206130981,0.9972740411758423,0.9797285199165344,0.9949953556060791,0.9695013165473938,0.9652775526046753,0.9668020606040955,0.9916143417358398,0.920451819896698,0.9512243866920471,0.9195845127105713,1.0,0.8137016892433167,0.7465001940727234,1.0,0.7107416987419128,0.16671311855316162,0.9944683909416199,0.8885722160339355,0.7198477387428284,0.6775999665260315,0.6091961860656738,0.49058929085731506,0.45447349548339844,0.7227270603179932,0.5038878321647644
250,28.979654669761658,3.9214881658554077,25.05816650390625,0.1668267697095871,0.835175576309363,1.0,0.20908740521022934,0.0019999999999999983,23.907720448914915,0.9579309821128845,0.9829157590866089,0.9951103329658508,0.9981899857521057,0.9679625034332275,0.9973058104515076,0.9797025918960571,0.9945118427276611,0.9691599607467651,0.9650134444236755,0.9659922122955322,0.9909757971763611,0.9200325012207031,0.9511542916297913,0.9195937514305115,1.0,0.8135159015655518,0.7465395927429199,1.0,0.7114109992980957,0.1668267697095871,0.9943863153457642,0.8888745903968811,0.7200867533683777,0.6775668859481812,0.6091406345367432,0.4904082715511322,0.45429927110671997,0.722574770450592,0.5040847659111023
